rider,horse,time,distance,gait,speed,length,max_height,hand,lateral_balance,longitudinal_balance,straightness,jump_id
Aminda Ingulfson,Joystick,1.12,1.4,canter,75,1.4,0.12,R,5.8,0.8,3.5,NA
Aminda Ingulfson,Joystick,1.6499999999999728,1.9899999999999998,canter,67,0.59,0.06,R,9.9,0.4,2.8,NA
Aminda Ingulfson,Joystick,2.0500000000000638,2.65,canter,99,0.66,0.06,R,9.2,0.6,2.1,NA
Aminda Ingulfson,Joystick,2.5800000000000365,4.08,canter,161,1.43,0.04,R,9.6,6.5,1.5,NA
Aminda Ingulfson,Joystick,3.1000000000000183,6.01,canter,222,1.93,0.04,R,8.3,10.8,1.2,NA
Aminda Ingulfson,Joystick,3.6000000000000183,8.129999999999999,canter,254,2.12,0.05,R,6.1,9.7,1,NA
Aminda Ingulfson,Joystick,4.050000000000064,10.59,canter,327,2.46,0.04,R,5,4.3,0.7,NA
Aminda Ingulfson,Joystick,4.610000000000009,14.04,canter,369,3.45,0.12,S,-2.6,3.6,0.8,NA
Aminda Ingulfson,Joystick,5.090000000000027,17.439999999999998,canter,425,3.4,0.08,S,-3.4,0.5,0.7,NA
Aminda Ingulfson,Joystick,5.590000000000027,21.33,canter,467,3.89,0.09,S,-1.4,2.8,0.7,NA
Aminda Ingulfson,Joystick,6.090000000000027,25.479999999999997,canter,498,4.15,0.11,L,-2.8,0.3,0.7,NA
Aminda Ingulfson,Joystick,6.629999999999991,30.15,canter,518,4.67,0.15,S,-1.4,0.3,0.8,NA
Aminda Ingulfson,Joystick,7.170000000000068,34.69,canter,504,4.54,0.14,S,0,-0.5,0.9,NA
Aminda Ingulfson,Joystick,7.680000000000059,39.04,canter,512,4.35,0.12,S,0.9,-0.5,0.9,NA
Aminda Ingulfson,Joystick,8.230000000000015,43.62,canter,500,4.58,0.15,S,0.7,1.3,0.9,NA
Aminda Ingulfson,Joystick,8.720000000000024,47.97,canter,533,4.35,0.12,R,1.6,0.3,1,NA
Aminda Ingulfson,Joystick,9.11000000000001,51.26,canter,506,3.29,0.07,R,2.5,-3.7,1,NA
Aminda Ingulfson,Joystick,10.090769230769293,58.91,Jump,468,7.65,1.64,NA,6.19,NA,1.07,1
Aminda Ingulfson,Joystick,10.129999999999992,59.309999999999995,canter,598,0.4,0,R,6.7,-22.2,1,NA
Aminda Ingulfson,Joystick,10.42000000000007,61.98,canter,553,2.67,0.03,R,5.4,1.9,1.1,NA
Aminda Ingulfson,Joystick,10.899999999999974,66.09,canter,514,4.11,0.02,R,7.5,3.6,1.1,NA
Aminda Ingulfson,Joystick,11.379999999999992,70.27000000000001,canter,522,4.18,0.04,R,3.8,0.9,1.2,NA
Aminda Ingulfson,Joystick,11.86000000000001,74.72000000000001,canter,557,4.45,0.06,R,4,-1.5,1.3,NA
Aminda Ingulfson,Joystick,12.370000000000001,79.79000000000002,canter,596,5.07,0.07,R,3.1,0.3,1.3,NA
Aminda Ingulfson,Joystick,12.86000000000001,84.71000000000002,canter,603,4.92,0.07,S,1.4,0.4,1.3,NA
Aminda Ingulfson,Joystick,13.35000000000002,89.77000000000002,canter,620,5.06,0.08,S,1.5,-1,1.3,NA
Aminda Ingulfson,Joystick,13.840000000000028,94.90000000000002,canter,629,5.13,0.09,S,1.1,-1.8,1.3,NA
Aminda Ingulfson,Joystick,14.370000000000001,100.57000000000002,canter,642,5.67,0.11,S,2.3,-1.2,1.3,NA
Aminda Ingulfson,Joystick,14.870000000000001,105.93000000000002,canter,643,5.36,0.1,S,2.5,-1.6,1.4,NA
Aminda Ingulfson,Joystick,15.379999999999992,111.37000000000002,canter,640,5.44,0.1,S,3.8,-3.2,1.4,NA
Aminda Ingulfson,Joystick,15.85000000000002,116.40000000000002,canter,642,5.03,0.09,S,1.5,-2.8,1.4,NA
Aminda Ingulfson,Joystick,16.399999999999974,122.33000000000001,canter,647,5.93,0.15,S,1.8,-1.5,1.4,NA
Aminda Ingulfson,Joystick,16.91000000000008,127.83000000000001,canter,647,5.5,0.13,S,5.2,-1.6,1.4,NA
Aminda Ingulfson,Joystick,17.41000000000008,132.85000000000002,canter,602,5.02,0.13,R,6.1,-0.4,1.3,NA
Aminda Ingulfson,Joystick,17.960000000000033,138.41000000000003,canter,607,5.56,0.15,S,3.5,0,1.3,NA
Aminda Ingulfson,Joystick,18.450000000000042,143.44000000000003,canter,615,5.03,0.12,R,4.8,-3,1.2,NA
Aminda Ingulfson,Joystick,18.970000000000024,148.07000000000002,canter,534,4.63,0.11,R,7.4,1.7,1.2,NA
Aminda Ingulfson,Joystick,19.480000000000015,152.49,canter,520,4.42,0.1,R,9.1,-1.8,1.2,NA
Aminda Ingulfson,Joystick,19.990000000000006,157.32000000000002,canter,568,4.83,0.13,R,5.6,-1.6,1,NA
Aminda Ingulfson,Joystick,20.540000000000074,162.89000000000001,canter,607,5.57,0.18,R,6.3,-2.2,1,NA
Aminda Ingulfson,Joystick,21.09000000000003,168.10000000000002,canter,569,5.21,0.18,R,5.8,0.3,0.9,NA
Aminda Ingulfson,Joystick,21.570000000000046,172.51000000000002,canter,551,4.41,0.11,R,7.9,-2.6,0.8,NA
Aminda Ingulfson,Joystick,22.070000000000046,176.98000000000002,canter,537,4.47,0.11,R,10.3,-3.8,0.7,NA
Aminda Ingulfson,Joystick,22.550000000000065,181.27,canter,536,4.29,0.07,R,9.9,-3.8,0.5,NA
Aminda Ingulfson,Joystick,23.12,186.55,canter,556,5.28,0.13,R,6.5,-3.3,0.4,NA
Aminda Ingulfson,Joystick,23.560000000000056,190.79000000000002,canter,578,4.24,0.07,R,5.1,-1.7,0.2,NA
Aminda Ingulfson,Joystick,23.960000000000033,194.48000000000002,canter,554,3.69,0.08,R,6.5,-3,0.1,NA
Aminda Ingulfson,Joystick,25.00104477611944,203.78000000000003,Jump,536,9.3,1.73,NA,7.03,NA,-0.13,2
Aminda Ingulfson,Joystick,25.249999999999996,206.33000000000004,canter,612,2.55,0.04,S,0.6,-11.7,-0.4,NA
Aminda Ingulfson,Joystick,25.790000000000074,211.86000000000004,canter,614,5.53,0.06,R,6.8,-4.5,-0.3,NA
Aminda Ingulfson,Joystick,26.280000000000083,217.15000000000003,canter,647,5.29,0.08,R,3.7,-6.8,-0.4,NA
Aminda Ingulfson,Joystick,26.84000000000003,223.15000000000003,canter,643,6,0.12,S,2.2,-4.6,-0.4,NA
Aminda Ingulfson,Joystick,27.320000000000046,228.76000000000005,canter,702,5.61,0.09,S,2.3,-6.2,-0.3,NA
Aminda Ingulfson,Joystick,27.810000000000056,234.01000000000005,canter,643,5.25,0.08,R,6.9,-2.3,-0.4,NA
Aminda Ingulfson,Joystick,28.320000000000046,239.47000000000006,canter,643,5.46,0.09,R,4.9,-2.2,-0.5,NA
Aminda Ingulfson,Joystick,28.810000000000056,244.60000000000005,canter,629,5.13,0.09,R,4.6,-2.1,-0.5,NA
Aminda Ingulfson,Joystick,29.330000000000037,250.18000000000006,canter,644,5.58,0.1,R,4,-2.2,-0.6,NA
Aminda Ingulfson,Joystick,29.889999999999983,255.77000000000007,canter,599,5.59,0.15,R,5.2,-1.8,-0.6,NA
Aminda Ingulfson,Joystick,30.37,260.9000000000001,canter,641,5.13,0.1,R,1.8,-2.6,-0.6,NA
Aminda Ingulfson,Joystick,30.85000000000002,266.0200000000001,canter,640,5.12,0.1,S,1.3,-2,-0.6,NA
Aminda Ingulfson,Joystick,31.35000000000002,271.6800000000001,canter,679,5.66,0.13,S,0.4,-4.2,-0.5,NA
Aminda Ingulfson,Joystick,31.899999999999974,277.78000000000014,canter,665,6.1,0.15,S,1.3,-2.3,-0.4,NA
Aminda Ingulfson,Joystick,32.43000000000006,283.48000000000013,canter,645,5.7,0.14,S,0.1,-1,-0.3,NA
Aminda Ingulfson,Joystick,32.95000000000004,289.03000000000014,canter,641,5.55,0.14,S,-3.1,1.3,-0.1,NA
Aminda Ingulfson,Joystick,33.420000000000066,293.75000000000017,canter,602,4.72,0.12,L,-1.5,1,0.1,NA
Aminda Ingulfson,Joystick,33.94000000000005,298.95000000000016,canter,599,5.2,0.14,S,-1.4,1,0.2,NA
Aminda Ingulfson,Joystick,34.46000000000003,304.13000000000017,canter,598,5.18,0.13,S,-0.3,0.9,0.6,NA
Aminda Ingulfson,Joystick,35.009999999999984,309.22000000000014,canter,555,5.09,0.15,S,5,2.8,0.7,NA
Aminda Ingulfson,Joystick,35.54000000000007,313.71000000000015,canter,508,4.49,0.15,S,4.3,3.2,0.7,NA
Aminda Ingulfson,Joystick,36.05000000000006,318.32000000000016,canter,542,4.61,0.13,S,2,1.1,0.9,NA
Aminda Ingulfson,Joystick,36.590000000000025,323.35000000000014,canter,559,5.03,0.16,S,0.3,2.2,1.1,NA
Aminda Ingulfson,Joystick,37.100000000000016,328.01000000000016,canter,548,4.66,0.13,S,1.7,2.6,1.2,NA
Aminda Ingulfson,Joystick,37.56000000000005,331.8000000000002,canter,494,3.79,0.11,R,5.5,4.9,1.2,NA
Aminda Ingulfson,Joystick,38.03000000000008,335.4900000000002,canter,472,3.69,0.11,S,0.3,6.4,1.4,NA
Aminda Ingulfson,Joystick,38.47000000000002,339.0300000000002,canter,483,3.54,0.1,S,1.3,2.5,1.5,NA
Aminda Ingulfson,Joystick,39.569137931034554,347.5300000000002,Jump,464,8.5,1.86,NA,3.41,NA,1.7,3
Aminda Ingulfson,Joystick,39.61000000000001,347.9100000000002,canter,572,0.38,0,R,10.4,-27.5,1.6,NA
Aminda Ingulfson,Joystick,39.910000000000075,350.5100000000002,canter,520,2.6,0.03,R,6.6,1,1.7,NA
Aminda Ingulfson,Joystick,40.37999999999999,354.6000000000002,canter,522,4.09,0.04,S,1.2,3.6,1.9,NA
Aminda Ingulfson,Joystick,40.830000000000034,358.7400000000002,canter,552,4.14,0.05,S,1.5,0.5,2.1,NA
Aminda Ingulfson,Joystick,41.29000000000007,363.25000000000017,canter,588,4.51,0.07,S,1.4,0.9,2.2,NA
Aminda Ingulfson,Joystick,41.79000000000007,368.2300000000002,canter,598,4.98,0.07,S,-0.6,0.5,2.3,NA
Aminda Ingulfson,Joystick,42.29000000000007,373.2000000000002,canter,597,4.97,0.09,S,1.3,-1.8,2.3,NA
Aminda Ingulfson,Joystick,42.830000000000034,378.68000000000023,canter,609,5.48,0.11,S,1.8,-0.8,2.3,NA
Aminda Ingulfson,Joystick,43.24,382.99000000000024,canter,631,4.31,0.06,S,3.5,-3.7,2.4,NA
Aminda Ingulfson,Joystick,43.79000000000007,388.6900000000002,canter,622,5.7,0.11,S,1,-1.2,2.5,NA
Aminda Ingulfson,Joystick,44.37,394.66000000000025,canter,617,5.97,0.14,S,-0.2,-0.3,2.6,NA
Aminda Ingulfson,Joystick,44.850000000000016,399.79000000000025,canter,641,5.13,0.1,S,3.6,-1.4,2.6,NA
Aminda Ingulfson,Joystick,45.37999999999999,405.58000000000027,canter,655,5.79,0.13,S,-0.6,-3.5,2.7,NA
Aminda Ingulfson,Joystick,45.840000000000025,410.7600000000003,canter,675,5.18,0.08,L,-2.9,-3.8,2.8,NA
Aminda Ingulfson,Joystick,46.340000000000025,416.2600000000003,canter,660,5.5,0.09,L,-5.4,0.2,3,NA
Aminda Ingulfson,Joystick,46.850000000000016,422.10000000000025,canter,687,5.84,0.08,L,-5.4,-1.4,3.1,NA
Aminda Ingulfson,Joystick,47.32000000000004,427.36000000000024,canter,671,5.26,0.08,S,-1.5,-0.7,3.3,NA
Aminda Ingulfson,Joystick,47.87,433.5000000000002,canter,670,6.14,0.12,S,-1.1,-0.2,3.4,NA
Aminda Ingulfson,Joystick,48.330000000000034,438.47000000000025,canter,649,4.97,0.1,S,0.2,0.9,3.5,NA
Aminda Ingulfson,Joystick,48.830000000000034,443.77000000000027,canter,636,5.3,0.13,S,0.8,0.2,3.6,NA
Aminda Ingulfson,Joystick,49.32000000000004,448.8200000000003,canter,619,5.05,0.13,S,-0.1,-0.4,3.6,NA
Aminda Ingulfson,Joystick,49.81000000000005,453.89000000000027,canter,621,5.07,0.11,S,-0.1,0.8,3.7,NA
Aminda Ingulfson,Joystick,50.37,459.33000000000027,canter,582,5.44,0.17,S,1.6,1.9,3.8,NA
Aminda Ingulfson,Joystick,50.87999999999999,463.8700000000003,canter,535,4.54,0.15,S,3,1.8,3.9,NA
Aminda Ingulfson,Joystick,51.44000000000005,468.83000000000027,canter,531,4.96,0.17,R,5.9,2.9,3.8,NA
Aminda Ingulfson,Joystick,51.89999999999997,472.4900000000003,canter,477,3.66,0.12,R,12.9,3.7,3.6,NA
Aminda Ingulfson,Joystick,52.48000000000001,476.4800000000003,canter,413,3.99,0.1,R,11.6,2.7,3.4,NA
Aminda Ingulfson,Joystick,52.99,480.1600000000003,canter,432,3.68,0.1,R,12,-1.1,3.1,NA
Aminda Ingulfson,Joystick,53.55000000000006,484.07000000000033,canter,419,3.91,0.15,R,12.8,1.9,3,NA
Aminda Ingulfson,Joystick,54.009999999999984,487.17000000000036,canter,405,3.1,0.08,R,12.4,-2.9,2.7,NA
Aminda Ingulfson,Joystick,54.54000000000007,490.75000000000034,canter,405,3.58,0.12,R,12.1,-2.3,2.3,NA
Aminda Ingulfson,Joystick,55.06000000000005,494.31000000000034,canter,411,3.56,0.13,R,9.5,-2.5,1.9,NA
Aminda Ingulfson,Joystick,55.580000000000034,498.16000000000037,canter,444,3.85,0.1,R,12.4,-4.2,1.6,NA
Aminda Ingulfson,Joystick,56.090000000000025,502.18000000000035,canter,472,4.02,0.1,R,9.4,-3.5,1.3,NA
Aminda Ingulfson,Joystick,56.63999999999998,506.86000000000035,canter,511,4.68,0.14,R,3.6,-3.3,1.1,NA
Aminda Ingulfson,Joystick,57.12999999999999,511.3900000000003,canter,555,4.53,0.12,R,1.2,-7.6,1,NA
Aminda Ingulfson,Joystick,57.670000000000066,516.7500000000003,canter,595,5.36,0.15,S,0.6,-6.9,1,NA
Aminda Ingulfson,Joystick,58.19000000000005,521.9500000000004,canter,599,5.2,0.14,R,1.9,-7.8,1,NA
Aminda Ingulfson,Joystick,58.74999999999999,527.4500000000004,canter,589,5.5,0.15,R,3,-4.9,1.1,NA
Aminda Ingulfson,Joystick,59.340000000000025,533.1800000000004,canter,583,5.73,0.21,S,1,-1.2,1.2,NA
Aminda Ingulfson,Joystick,59.82000000000004,537.9400000000004,canter,594,4.76,0.13,S,2.4,-2.6,1.3,NA
Aminda Ingulfson,Joystick,60.28000000000008,542.0200000000004,canter,532,4.08,0.08,S,3.7,0,1.5,NA
Aminda Ingulfson,Joystick,60.660000000000075,545.2500000000005,canter,510,3.23,0.06,R,7.3,-0.2,1.6,NA
Aminda Ingulfson,Joystick,61.77025641025647,553.9100000000004,Jump,468,8.66,1.82,NA,5.21,NA,1.65,4
Aminda Ingulfson,Joystick,62.04000000000007,556.3500000000005,canter,543,2.44,0.02,R,9.4,-0.1,1.7,NA
Aminda Ingulfson,Joystick,62.53000000000008,560.4100000000004,canter,497,4.06,0.05,S,0.3,2.4,1.9,NA
Aminda Ingulfson,Joystick,63.03000000000008,564.8300000000004,canter,531,4.42,0.08,S,-1.1,-0.4,2.1,NA
Aminda Ingulfson,Joystick,63.49999999999999,569.1700000000004,canter,554,4.34,0.09,S,0.6,-2.4,2.2,NA
Aminda Ingulfson,Joystick,64.01999999999998,574.2600000000004,canter,587,5.09,0.1,S,-0.8,-2.8,2.3,NA
Aminda Ingulfson,Joystick,64.56000000000006,579.4800000000005,canter,580,5.22,0.13,S,-1.5,-0.9,2.5,NA
Aminda Ingulfson,Joystick,65.06000000000006,584.3400000000005,canter,583,4.86,0.13,S,-0.4,-1.8,2.6,NA
Aminda Ingulfson,Joystick,65.56000000000006,589.2200000000005,canter,586,4.88,0.12,L,-4.4,-4.3,2.8,NA
Aminda Ingulfson,Joystick,66.13999999999999,594.7000000000005,canter,567,5.48,0.17,L,-6.4,-0.2,3.2,NA
Aminda Ingulfson,Joystick,66.63,599.2300000000005,canter,555,4.53,0.12,L,-2.4,-1.2,3.5,NA
Aminda Ingulfson,Joystick,67.17000000000007,603.9700000000005,canter,527,4.74,0.16,L,-2.7,0.2,3.7,NA
Aminda Ingulfson,Joystick,67.70000000000005,608.4800000000005,canter,511,4.51,0.15,L,-3.9,-0.4,3.9,NA
Aminda Ingulfson,Joystick,68.26999999999998,613.1100000000005,canter,487,4.63,0.18,L,-5.1,1.6,4.4,NA
Aminda Ingulfson,Joystick,68.81000000000006,617.3400000000005,canter,470,4.23,0.17,L,-3.9,1.8,4.7,NA
Aminda Ingulfson,Joystick,69.36000000000001,621.5300000000005,canter,457,4.19,0.15,L,-3.4,3.2,4.7,NA
Aminda Ingulfson,Joystick,69.88,625.6900000000005,canter,480,4.16,0.14,S,-1.2,2.5,4.7,NA
Aminda Ingulfson,Joystick,70.36000000000001,629.6000000000005,canter,489,3.91,0.08,S,1.4,0.5,4.7,NA
Aminda Ingulfson,Joystick,70.88999999999999,633.9800000000005,canter,496,4.38,0.06,S,1.8,4.1,4.6,NA
Aminda Ingulfson,Joystick,71.22000000000003,636.7000000000005,canter,494,2.72,0.06,R,8.1,0,4.7,NA
Aminda Ingulfson,Joystick,72.2606047516199,644.7300000000005,Jump,463,8.03,1.84,NA,2.22,NA,4.6,5a
Aminda Ingulfson,Joystick,72.35000000000002,645.5500000000005,canter,549,0.82,0.06,R,5.1,-29.2,4.5,NA
Aminda Ingulfson,Joystick,73.12,652.8500000000005,canter,569,7.3,0.13,S,-3.2,-1,4.7,NA
Aminda Ingulfson,Joystick,73.66000000000008,657.4300000000005,canter,508,4.58,0.16,S,-4.4,3.7,4.8,NA
Aminda Ingulfson,Joystick,74.14999999999998,661.2400000000005,canter,466,3.81,0.13,L,-4.7,4.2,2.4,NA
Aminda Ingulfson,Joystick,74.69000000000005,665.2700000000004,canter,448,4.03,0.11,S,-3.5,2,-0.2,NA
Aminda Ingulfson,Joystick,75.08000000000004,668.3000000000004,canter,466,3.03,0.04,L,-2,0.7,-1.4,NA
Aminda Ingulfson,Joystick,75.51999999999998,671.8400000000004,canter,482,3.54,0.07,S,3.8,2.3,-1.4,NA
Aminda Ingulfson,Joystick,76.62884353741492,679.9900000000004,Jump,441,8.15,1.83,NA,2.99,NA,-1.34,5b
Aminda Ingulfson,Joystick,76.88999999999999,682.1000000000004,canter,487,2.11,0.02,R,2.1,0.5,-1.4,NA
Aminda Ingulfson,Joystick,77.29000000000008,684.7700000000003,canter,400,2.67,0.05,R,7.3,3.9,-1.5,NA
Aminda Ingulfson,Joystick,78.42825857519802,691.9600000000004,Jump,379,7.19,1.9,NA,4.55,NA,-1.53,5c
Aminda Ingulfson,Joystick,78.70000000000005,694.0900000000004,canter,473,2.13,0.01,S,4.2,1.1,-1.5,NA
Aminda Ingulfson,Joystick,79.19000000000005,697.9200000000004,canter,468,3.83,0.04,R,11.8,4.5,-1.5,NA
Aminda Ingulfson,Joystick,79.63999999999999,701.8200000000004,canter,520,3.9,0.03,R,13.5,1.1,-1.4,NA
Aminda Ingulfson,Joystick,80.14999999999998,705.7600000000004,canter,463,3.94,0.06,R,7.5,3.1,-1.6,NA
Aminda Ingulfson,Joystick,80.64999999999998,709.9500000000005,canter,503,4.19,0.09,R,5.7,1.5,-1.5,NA
Aminda Ingulfson,Joystick,81.17000000000007,714.6700000000005,canter,544,4.72,0.1,R,7.1,-0.1,-1.4,NA
Aminda Ingulfson,Joystick,81.63999999999999,719.3700000000006,canter,600,4.7,0.08,R,7.2,-1.8,-1.4,NA
Aminda Ingulfson,Joystick,82.24000000000001,725.5500000000005,canter,618,6.18,0.1,R,6.9,-2.5,-1.4,NA
Aminda Ingulfson,Joystick,82.74000000000001,730.9200000000005,canter,644,5.37,0.11,R,5.1,-2.4,-0.1,NA
Aminda Ingulfson,Joystick,83.29000000000008,736.9100000000005,canter,653,5.99,0.06,R,10.2,-3.2,-1,NA
Aminda Ingulfson,Joystick,83.66000000000008,741.0600000000005,canter,672,4.15,0.05,R,9.4,-0.6,-1.3,NA
Aminda Ingulfson,Joystick,84.19000000000005,746.5900000000005,canter,626,5.53,0.1,R,9,-1.6,0.3,NA
Aminda Ingulfson,Joystick,84.72000000000003,752.0900000000005,canter,622,5.5,0.09,R,5.9,-2.3,0.4,NA
Aminda Ingulfson,Joystick,85.21000000000004,757.1800000000005,canter,623,5.09,0.1,R,5.6,-2.3,0.9,NA
Aminda Ingulfson,Joystick,85.76999999999998,762.5600000000005,canter,576,5.38,0.15,R,5.9,-0.3,0.9,NA
Aminda Ingulfson,Joystick,86.25,767.3000000000005,canter,592,4.74,0.11,R,5.1,-0.9,1.9,NA
Aminda Ingulfson,Joystick,86.74000000000001,772.2700000000006,canter,609,4.97,0.11,R,6,-1.7,0.7,NA
Aminda Ingulfson,Joystick,87.28000000000009,777.6500000000005,canter,598,5.38,0.15,R,6.3,-0.7,0.8,NA
Aminda Ingulfson,Joystick,87.80000000000007,783.1300000000006,canter,633,5.48,0.13,R,6,-2.2,-1,NA
Aminda Ingulfson,Joystick,88.33000000000004,788.3000000000005,canter,585,5.17,0.1,R,6.8,-2.3,-1.2,NA
Aminda Ingulfson,Joystick,88.83000000000004,793.3300000000005,canter,604,5.03,0.11,R,7.1,-2.4,-1.2,NA
Aminda Ingulfson,Joystick,89.42000000000007,798.8300000000005,canter,560,5.5,0.16,R,7.6,-0.1,-1.1,NA
Aminda Ingulfson,Joystick,89.87,803.0100000000004,canter,557,4.18,0.09,R,4,-1.1,-1.1,NA
Aminda Ingulfson,Joystick,90.39999999999998,807.6200000000005,canter,522,4.61,0.15,R,4.7,0.7,-1.2,NA
Aminda Ingulfson,Joystick,90.95000000000005,812.7400000000005,canter,558,5.12,0.18,R,5.5,-1.2,-1.2,NA
Aminda Ingulfson,Joystick,91.47000000000003,817.6200000000005,canter,564,4.88,0.16,S,3.3,-3.2,-1.2,NA
Aminda Ingulfson,Joystick,91.99000000000001,822.2700000000004,canter,537,4.65,0.16,R,9.2,-2.5,-1.2,NA
Aminda Ingulfson,Joystick,92.53000000000009,826.8000000000004,canter,504,4.53,0.16,R,11.9,-0.9,2.7,NA
Aminda Ingulfson,Joystick,93.10000000000002,831.1100000000004,canter,453,4.31,0.18,R,13.2,3.5,4.4,NA
Aminda Ingulfson,Joystick,93.63999999999999,835.0200000000003,canter,434,3.91,0.17,R,12.1,5.5,5,NA
Aminda Ingulfson,Joystick,94.16000000000008,838.8500000000004,canter,442,3.83,0.13,R,9.1,7.6,4.9,NA
Aminda Ingulfson,Joystick,94.66000000000008,842.3500000000004,canter,420,3.5,0.07,R,7.5,10.9,4.9,NA
Aminda Ingulfson,Joystick,95.05000000000007,844.8900000000003,canter,390,2.54,0.07,S,3.7,5.6,4.8,NA
Aminda Ingulfson,Joystick,96.20855263157898,850.7600000000003,Jump,304,5.87,1.9,NA,3.51,NA,4.95,6a
Aminda Ingulfson,Joystick,96.50999999999999,852.5900000000004,canter,366,1.83,0.02,L,-6,-8.2,4.9,NA
Aminda Ingulfson,Joystick,97.03000000000009,855.5100000000003,canter,337,2.92,0.13,S,-0.2,-1.5,4.9,NA
Aminda Ingulfson,Joystick,97.55000000000007,858.5300000000003,canter,349,3.02,0.14,S,4.6,3.1,4.9,NA
Aminda Ingulfson,Joystick,98.05000000000007,861.6700000000003,canter,377,3.14,0.08,R,4.9,3.7,5,NA
Aminda Ingulfson,Joystick,98.43000000000006,864.1400000000003,canter,390,2.47,0.08,R,8.2,0.9,5,NA
Aminda Ingulfson,Joystick,99.34950464396286,869.0900000000004,Jump,323,4.95,1.55,NA,0.85,NA,5.05,6b
Aminda Ingulfson,Joystick,99.66000000000008,871.2400000000004,canter,415,2.15,0.06,R,9.1,-5.6,4.9,NA
Aminda Ingulfson,Joystick,100.21000000000004,875.2200000000004,canter,434,3.98,0.06,R,22.4,2.9,5,NA
Aminda Ingulfson,Joystick,100.70000000000005,879.4800000000004,canter,521,4.26,0.06,R,18.3,0.3,5,NA
Aminda Ingulfson,Joystick,101.16000000000008,883.8200000000004,canter,566,4.34,0.05,R,14.4,-2.4,5,NA
Aminda Ingulfson,Joystick,101.67000000000007,888.9900000000004,canter,608,5.17,0.06,R,15.2,-3.4,5,NA
Aminda Ingulfson,Joystick,102.17000000000007,894.2700000000003,canter,634,5.28,0.09,R,12.8,-1.8,5,NA
Aminda Ingulfson,Joystick,102.67000000000007,899.5600000000003,canter,635,5.29,0.09,R,10.8,-3,4.9,NA
Aminda Ingulfson,Joystick,103.20000000000005,905.1200000000002,canter,630,5.56,0.1,R,10.1,-1.8,4.8,NA
Aminda Ingulfson,Joystick,103.74000000000001,910.5800000000003,canter,607,5.46,0.1,R,10.1,0,4.7,NA
Aminda Ingulfson,Joystick,104.24000000000001,915.7300000000002,canter,618,5.15,0.1,R,9.7,-0.4,4.7,NA
Aminda Ingulfson,Joystick,104.75,920.9100000000002,canter,610,5.18,0.08,R,10.3,0.8,4.6,NA
Aminda Ingulfson,Joystick,105.25,926.0300000000002,canter,614,5.12,0.09,R,7.8,-1.5,4.6,NA
Aminda Ingulfson,Joystick,105.76999999999998,931.4300000000002,canter,623,5.4,0.12,R,6.7,0.2,4.6,NA
Aminda Ingulfson,Joystick,106.29000000000008,936.7700000000002,canter,616,5.34,0.14,R,7.4,-1.3,4.7,NA
Aminda Ingulfson,Joystick,106.81000000000006,942.2700000000002,canter,635,5.5,0.14,R,8.2,-2.2,4.7,NA
Aminda Ingulfson,Joystick,107.34000000000003,947.6600000000002,canter,610,5.39,0.14,R,7.2,-1,4.7,NA
Aminda Ingulfson,Joystick,107.87,952.9000000000002,canter,593,5.24,0.15,R,4.8,-1.3,4.6,NA
Aminda Ingulfson,Joystick,108.39999999999998,957.7400000000002,canter,548,4.84,0.15,R,10,4.5,4.4,NA
Aminda Ingulfson,Joystick,108.92000000000007,962.2900000000002,canter,524,4.55,0.11,R,5.6,3.8,4.5,NA
Aminda Ingulfson,Joystick,109.47000000000003,967.0900000000001,canter,524,4.8,0.18,R,5.9,2.4,4.5,NA
Aminda Ingulfson,Joystick,110.03000000000009,971.7900000000002,canter,504,4.7,0.21,S,2.1,-1.5,4.7,NA
Aminda Ingulfson,Joystick,110.53000000000009,975.5600000000002,canter,452,3.77,0.14,S,-1.7,-0.3,4.9,NA
Aminda Ingulfson,Joystick,111.07000000000005,979.3800000000002,canter,425,3.82,0.13,S,-0.7,-0.5,5.1,NA
Aminda Ingulfson,Joystick,111.48000000000002,982.3500000000003,canter,435,2.97,0.07,S,1.8,-1.9,5.3,NA
Aminda Ingulfson,Joystick,111.92000000000007,985.6800000000003,canter,454,3.33,0.1,R,3.7,-4.2,5.3,NA
Aminda Ingulfson,Joystick,112.94000000000005,992.8200000000003,Jump,420,7.14,1.7,NA,3.13,NA,5.36,7
Aminda Ingulfson,Joystick,113.23000000000002,995.2400000000002,canter,501,2.42,0.04,R,8.7,-11.2,5.2,NA
Aminda Ingulfson,Joystick,113.85000000000002,1000.1500000000002,canter,475,4.91,0.07,R,6.4,-0.6,5.3,NA
Aminda Ingulfson,Joystick,114.28000000000009,1004.0200000000002,canter,539,3.87,0.04,R,9.6,-3.4,5.2,NA
Aminda Ingulfson,Joystick,114.66000000000008,1007.4800000000002,canter,546,3.46,0.05,R,14.5,-1.8,5.3,NA
Aminda Ingulfson,Joystick,115.23000000000002,1012.8000000000003,canter,560,5.32,0.13,R,12.9,1.6,5.3,NA
Aminda Ingulfson,Joystick,115.71000000000004,1017.2900000000003,canter,561,4.49,0.11,R,13.7,1.2,5.3,NA
Aminda Ingulfson,Joystick,116.24000000000001,1022.4900000000004,canter,588,5.2,0.14,R,11.6,2.7,5.2,NA
Aminda Ingulfson,Joystick,116.74000000000001,1027.2600000000004,canter,573,4.77,0.12,R,11.7,1.1,5.2,NA
Aminda Ingulfson,Joystick,117.24000000000001,1032.1900000000005,canter,592,4.93,0.13,R,10.1,0.1,5.3,NA
Aminda Ingulfson,Joystick,117.75999999999999,1037.0700000000006,canter,563,4.88,0.14,S,3.8,1,5.3,NA
Aminda Ingulfson,Joystick,118.29000000000008,1041.9100000000005,canter,548,4.84,0.15,S,3.1,1,5.3,NA
Aminda Ingulfson,Joystick,118.84000000000003,1046.8800000000006,canter,542,4.97,0.17,S,5,0.6,5.3,NA
Aminda Ingulfson,Joystick,119.34000000000003,1050.9300000000005,canter,487,4.05,0.14,S,3.7,1.4,5.4,NA
Aminda Ingulfson,Joystick,119.88,1055.2400000000005,canter,479,4.31,0.17,S,0.6,0.9,5.4,NA
Aminda Ingulfson,Joystick,120.43000000000006,1059.4600000000005,canter,461,4.22,0.18,S,1.6,0.5,5.5,NA
Aminda Ingulfson,Joystick,120.98000000000002,1063.4500000000005,canter,435,3.99,0.2,S,1.3,-3.2,5.5,NA
Aminda Ingulfson,Joystick,121.50999999999999,1067.1700000000005,canter,421,3.72,0.16,S,1.7,-1.6,5.4,NA
Aminda Ingulfson,Joystick,122.05000000000007,1070.9200000000005,canter,416,3.75,0.18,S,2.1,-1.2,5.5,NA
Aminda Ingulfson,Joystick,122.58000000000004,1074.4000000000005,canter,394,3.48,0.17,S,2.5,-1.2,5.5,NA
Aminda Ingulfson,Joystick,123.10000000000002,1077.5900000000006,canter,368,3.19,0.15,S,3.2,0.4,5.4,NA
Aminda Ingulfson,Joystick,123.54000000000008,1080.3800000000006,canter,381,2.79,0.07,R,4.8,-1,5.3,NA
Aminda Ingulfson,Joystick,123.98000000000002,1083.2600000000007,canter,393,2.88,0.06,R,5.8,-1.3,5.3,NA
Aminda Ingulfson,Joystick,125.04034482758618,1089.4100000000008,Jump,348,6.15,1.67,NA,1.08,NA,5.54,8a
Aminda Ingulfson,Joystick,125.34000000000003,1090.9600000000007,canter,310,1.55,0.03,R,5,-1.2,5.6,NA
Aminda Ingulfson,Joystick,125.83000000000004,1093.1000000000008,canter,262,2.14,0.06,S,1.2,4.2,3.1,NA
Aminda Ingulfson,Joystick,126.31000000000006,1095.5600000000009,canter,308,2.46,0.06,S,3.7,4.1,0.1,NA
Aminda Ingulfson,Joystick,126.75999999999999,1098.460000000001,canter,386,2.9,0.07,R,11.6,0.3,-0.7,NA
Aminda Ingulfson,Joystick,127.69035294117646,1105.0500000000009,Jump,425,6.59,1.5,NA,10.02,NA,-0.7,8b
Aminda Ingulfson,Joystick,127.73000000000002,1105.3500000000008,canter,443,0.3,0.01,R,5.2,-10.4,-0.8,NA
Aminda Ingulfson,Joystick,128.42000000000007,1109.6900000000007,canter,377,4.34,0.16,R,8.6,-0.1,-0.8,NA
Aminda Ingulfson,Joystick,128.97000000000003,1113.0200000000007,canter,363,3.33,0.03,R,7.1,10.2,-0.8,NA
Aminda Ingulfson,Joystick,129.31000000000006,1115.1700000000008,canter,379,2.15,0.04,S,-1.3,9.6,-1,NA
Aminda Ingulfson,Joystick,130.48818181818183,1121.6500000000008,Jump,330,6.48,1.91,NA,6.37,NA,-0.93,8c
Aminda Ingulfson,Joystick,130.57000000000005,1122.2000000000007,canter,410,0.55,0.02,R,11.9,-27.7,-1.2,NA
Aminda Ingulfson,Joystick,130.99,1124.6100000000008,canter,344,2.41,0.02,S,3.3,-3.7,-1.1,NA
Aminda Ingulfson,Joystick,131.41000000000008,1126.9200000000008,canter,330,2.31,0.06,L,-2.5,-5.2,-1.1,NA
Aminda Ingulfson,Joystick,131.86,1129.8300000000008,canter,388,2.91,0.06,S,1.7,-10.6,-1.1,NA
Aminda Ingulfson,Joystick,132.37,1133.710000000001,canter,456,3.88,0.09,S,4.5,-13.5,-1,NA
Aminda Ingulfson,Joystick,132.79000000000008,1137.440000000001,canter,533,3.73,0.1,S,6.8,-11.5,-1,NA
Aminda Ingulfson,Joystick,133.31000000000006,1142.360000000001,canter,568,4.92,0.11,S,7.5,-3.2,-0.9,NA
Aminda Ingulfson,Joystick,133.76,1147.070000000001,canter,629,4.71,0.09,R,7.1,-5.4,-0.9,NA
Aminda Ingulfson,Joystick,134.22000000000003,1151.650000000001,canter,598,4.58,0.12,S,1.6,-2,-1,NA
Aminda Ingulfson,Joystick,134.89,1157.810000000001,canter,551,6.16,0.18,L,-10.1,3.9,-1,NA
Aminda Ingulfson,Joystick,135.42000000000007,1162.850000000001,canter,570,5.04,0.1,S,4.2,-5.9,-0.8,NA
Aminda Ingulfson,Joystick,135.81000000000006,1166.400000000001,canter,546,3.55,0.05,S,3.6,-7.6,-0.9,NA
Aminda Ingulfson,Joystick,136.21000000000004,1170.200000000001,canter,569,3.8,0.1,L,-2.2,-7.8,-0.9,NA
Aminda Ingulfson,Joystick,136.89,1176.690000000001,canter,572,6.49,0.15,S,3.6,-0.4,-0.8,NA
Aminda Ingulfson,Joystick,137.30000000000007,1180.890000000001,canter,615,4.2,0.07,R,8,-4.1,-0.8,NA
Aminda Ingulfson,Joystick,137.79000000000008,1186.050000000001,canter,632,5.16,0.1,R,6.9,-10.1,-0.9,NA
Aminda Ingulfson,Joystick,138.23000000000002,1190.7400000000011,canter,639,4.69,0.07,S,2.6,-7.3,-1,NA
Aminda Ingulfson,Joystick,138.75,1196.4100000000012,canter,654,5.67,0.06,S,3,-1.7,-0.9,NA
Aminda Ingulfson,Joystick,139.22000000000003,1201.3700000000013,canter,633,4.96,0.06,S,6,3,-0.9,NA
Aminda Ingulfson,Joystick,139.72000000000003,1206.1400000000012,canter,573,4.77,0.06,S,2.5,2,-1,NA
Aminda Ingulfson,Joystick,140.33000000000004,1211.7000000000012,canter,547,5.56,0.13,S,1.1,-1.1,-1,NA
Aminda Ingulfson,Joystick,140.81000000000006,1216.2400000000011,canter,568,4.54,0.07,R,5.3,-6.7,-0.9,NA
Aminda Ingulfson,Joystick,141.2800000000001,1220.7000000000012,canter,570,4.46,0.08,R,7.3,-10.4,-0.9,NA
Aminda Ingulfson,Joystick,141.84000000000003,1225.7600000000011,canter,543,5.06,0.11,S,4.2,-7.8,-0.8,NA
Aminda Ingulfson,Joystick,142.42000000000007,1230.870000000001,canter,529,5.11,0.13,S,3.8,-7,-0.7,NA
Aminda Ingulfson,Joystick,142.87,1234.790000000001,canter,523,3.92,0.09,S,6.9,-6.4,-0.7,NA
Aminda Ingulfson,Joystick,143.33000000000004,1238.820000000001,canter,526,4.03,0.08,S,4.4,-1.3,-0.6,NA
Aminda Ingulfson,Joystick,143.7800000000001,1242.880000000001,canter,541,4.06,0.07,S,0.5,1.4,-0.6,NA
Aminda Ingulfson,Joystick,144.46000000000004,1249.2700000000011,canter,563,6.39,0.15,S,4.2,1.3,-0.6,NA
Aminda Ingulfson,Joystick,144.92000000000007,1253.860000000001,canter,598,4.59,0.06,S,4.7,-5.7,-0.7,NA
Aminda Ingulfson,Joystick,145.26999999999998,1257.410000000001,canter,609,3.55,0.04,R,4.2,-9.4,-0.7,NA
Aminda Ingulfson,Joystick,145.79000000000008,1262.7800000000009,canter,620,5.37,0.1,S,-0.8,-8.1,-0.8,NA
Aminda Ingulfson,Joystick,146.24,1267.6200000000008,canter,646,4.84,0.07,S,-0.1,-5.6,-0.8,NA
Aminda Ingulfson,Joystick,146.69000000000005,1272.4100000000008,canter,639,4.79,0.05,S,2.3,1,-0.7,NA
Aminda Ingulfson,Joystick,147.29000000000008,1278.5100000000007,canter,610,6.1,0.11,S,8.5,4.1,-0.6,NA
Aminda Ingulfson,Joystick,147.81000000000006,1283.7500000000007,canter,605,5.24,0.08,R,13,5,-0.5,NA
Aminda Ingulfson,Joystick,148.31000000000006,1288.7900000000006,canter,605,5.04,0.08,R,15.4,-2.6,-0.6,NA
Aminda Ingulfson,Joystick,148.69000000000005,1292.6000000000006,canter,601,3.81,0.04,R,9.4,-5.7,-0.8,NA
Aminda Ingulfson,Joystick,149.35000000000002,1299.1900000000005,canter,599,6.59,0.14,R,5.5,-6.6,-0.9,NA
Aminda Ingulfson,Joystick,149.73000000000002,1303.2700000000004,canter,644,4.08,0.05,S,0.6,-11.7,-1,NA
Aminda Ingulfson,Joystick,150.23000000000002,1308.7700000000004,canter,659,5.5,0.09,R,3.7,-6.2,-0.9,NA
Aminda Ingulfson,Joystick,150.76,1315.0800000000004,canter,715,6.31,0.12,R,5.1,-2.8,-0.9,NA
Aminda Ingulfson,Joystick,151.25,1320.8400000000004,canter,706,5.76,0.1,R,6.3,-0.5,-0.7,NA
Aminda Ingulfson,Joystick,151.74,1326.4700000000005,canter,690,5.63,0.11,R,4.9,1.1,-0.7,NA
Aminda Ingulfson,Joystick,152.24,1331.9700000000005,canter,660,5.5,0.13,R,4.4,-1.5,-0.8,NA
Aminda Ingulfson,Joystick,152.7800000000001,1337.7800000000004,canter,645,5.81,0.15,S,1.4,0.7,-0.8,NA
Aminda Ingulfson,Joystick,153.26999999999998,1343.1700000000005,canter,660,5.39,0.14,L,-7.7,-6.2,-0.8,NA
Aminda Ingulfson,Joystick,153.79000000000008,1347.9900000000005,canter,556,4.82,0.13,L,-10.9,-1.3,-0.6,NA
Aminda Ingulfson,Joystick,154.36,1353.3700000000006,canter,566,5.38,0.13,S,-0.7,-3.8,-0.6,NA
Aminda Ingulfson,Joystick,154.80000000000007,1357.5300000000007,canter,567,4.16,0.07,S,3,-4.4,-0.6,NA
Aminda Ingulfson,Joystick,155.31000000000006,1362.1600000000008,canter,545,4.63,0.09,S,4.3,-4.1,-0.6,NA
Aminda Ingulfson,Joystick,155.81000000000006,1366.5600000000009,canter,528,4.4,0.09,R,5.5,-3.5,-0.6,NA
Aminda Ingulfson,Joystick,156.30000000000007,1371.1600000000008,canter,564,4.6,0.11,S,4.9,-6.3,-0.8,NA
Aminda Ingulfson,Joystick,156.84000000000003,1376.3100000000009,canter,572,5.15,0.14,S,1.9,-6.7,-0.8,NA
Aminda Ingulfson,Joystick,157.39,1381.460000000001,canter,562,5.15,0.15,S,2.8,-6.9,-0.8,NA
Aminda Ingulfson,Joystick,157.92000000000007,1386.250000000001,canter,542,4.79,0.11,S,3.1,-6.4,-0.8,NA
Aminda Ingulfson,Joystick,158.34000000000003,1390.250000000001,canter,571,4,0.08,S,4.6,-7.5,-0.9,NA
Aminda Ingulfson,Joystick,158.89,1395.5800000000008,canter,582,5.33,0.12,S,1.7,-6.7,-0.9,NA
Aminda Ingulfson,Joystick,159.38,1400.5800000000008,canter,612,5,0.12,S,4.3,-5.5,-0.9,NA
Aminda Ingulfson,Joystick,159.89999999999998,1405.770000000001,canter,599,5.19,0.14,S,4.5,-0.7,-0.9,NA
Aminda Ingulfson,Joystick,160.43000000000006,1410.6300000000008,canter,550,4.86,0.16,S,4.8,1.7,-0.8,NA
Aminda Ingulfson,Joystick,160.98000000000002,1415.3700000000008,canter,517,4.74,0.17,R,7.8,-0.3,-0.8,NA
Aminda Ingulfson,Joystick,161.51999999999998,1420.1400000000008,canter,530,4.77,0.16,R,6.8,-4.7,-0.7,NA
Aminda Ingulfson,Joystick,162.01,1424.3000000000009,canter,510,4.16,0.14,R,2.8,-8,-0.9,NA
Aminda Ingulfson,Joystick,162.54000000000008,1428.430000000001,canter,467,4.13,0.18,S,3.9,-0.6,-0.7,NA
Aminda Ingulfson,Joystick,163.06000000000006,1432.200000000001,canter,435,3.77,0.16,R,3.3,0.1,-0.6,NA
Aminda Ingulfson,Joystick,163.63,1436.0300000000009,canter,403,3.83,0.17,S,2,4.7,-0.4,NA
Aminda Ingulfson,Joystick,164.06000000000006,1438.8800000000008,canter,397,2.85,0.09,L,-3.4,1.9,-0.3,NA
Aminda Ingulfson,Joystick,164.55000000000007,1442.1700000000008,canter,402,3.29,0.07,S,6.5,2,-0.3,NA
Aminda Ingulfson,Joystick,165.26999999999998,1447.2800000000007,canter,426,5.11,0.16,R,7.6,1.5,-0.6,NA
Aminda Ingulfson,Joystick,165.67000000000007,1449.9000000000005,canter,392,2.62,0.06,R,2.2,2.7,-0.6,NA
Aminda Ingulfson,Joystick,166.08000000000004,1452.8100000000006,canter,425,2.91,0.04,R,4.7,-3.9,-0.6,NA
Aminda Ingulfson,Joystick,166.47000000000003,1455.9700000000007,canter,486,3.16,0.05,R,10.5,-2.5,-0.7,NA
Aminda Ingulfson,Joystick,167.56090909090915,1464.3700000000008,Jump,462,8.4,1.73,NA,12.47,NA,-0.83,9
Aminda Ingulfson,Joystick,167.84000000000003,1466.4600000000007,canter,447,2.09,0.03,R,6.6,-1.9,-0.9,NA
Aminda Ingulfson,Joystick,168.35000000000002,1469.6600000000008,canter,377,3.2,0.06,S,-1.2,0.6,-0.7,NA
Aminda Ingulfson,Joystick,168.84000000000003,1472.7100000000007,canter,374,3.05,0.09,S,0.3,3.2,-0.6,NA
Aminda Ingulfson,Joystick,169.34000000000003,1475.9100000000008,canter,384,3.2,0.1,R,5.4,4.1,-0.6,NA
Aminda Ingulfson,Joystick,169.79000000000008,1478.9200000000008,canter,402,3.01,0.11,R,7.9,1.5,-0.6,NA
Aminda Ingulfson,Joystick,170.7885611510792,1485.8600000000008,Jump,417,6.94,1.68,NA,8.61,NA,-0.6,10a
Aminda Ingulfson,Joystick,171.13,1488.1000000000008,canter,394,2.24,0.07,L,-3.4,-11.7,-0.8,NA
Aminda Ingulfson,Joystick,171.60000000000002,1490.9600000000007,canter,365,2.86,0.1,S,-0.2,-7.4,-1,NA
Aminda Ingulfson,Joystick,172.24,1494.8000000000006,canter,360,3.84,0.23,S,-0.9,3.5,-1,NA
Aminda Ingulfson,Joystick,172.79000000000008,1498.2900000000006,canter,381,3.49,0.16,S,4.4,2.2,-0.9,NA
Aminda Ingulfson,Joystick,173.30000000000007,1501.6100000000006,canter,391,3.32,0.13,S,1.8,-0.4,-0.8,NA
Aminda Ingulfson,Joystick,173.79000000000008,1504.7200000000005,canter,381,3.11,0.09,S,0,0.3,-0.9,NA
Aminda Ingulfson,Joystick,174.26999999999998,1507.8300000000004,canter,388,3.11,0.06,R,3,-2.1,-0.9,NA
Aminda Ingulfson,Joystick,175.38,1507.9100000000003,canter,496,0.08,0,R,9.1,-29.9,-0.9,NA
Aminda Ingulfson,Joystick,175.75,1510.6300000000003,canter,441,2.72,0.06,S,4.7,-3.2,-0.8,NA
Aminda Ingulfson,Joystick,176.20000000000005,1513.6300000000003,canter,400,3,0.1,S,-2,-0.4,-0.8,NA
Aminda Ingulfson,Joystick,176.4805524861879,1520.2700000000004,Jump,362,6.64,1.76,NA,9.18,NA,-0.72,10b
Aminda Ingulfson,Joystick,176.79000000000008,1524.0600000000004,canter,385,3.79,0.18,S,0.6,1.6,-0.7,NA
Aminda Ingulfson,Joystick,177.36,1527.7100000000005,canter,384,3.65,0.07,S,5.7,9.4,-0.6,NA
Aminda Ingulfson,Joystick,177.74,1529.9800000000005,canter,358,2.27,0.1,R,13.3,10.2,-0.6,NA
Aminda Ingulfson,Joystick,178.70908517350153,1535.1000000000004,Jump,317,5.12,1.76,NA,4.12,NA,-0.55,10c
Aminda Ingulfson,Joystick,178.87,1535.9800000000005,canter,331,0.88,0.11,S,0.8,-29.3,-0.5,NA
Aminda Ingulfson,Joystick,179.60000000000002,1540.7300000000005,canter,390,4.75,0.08,R,9.9,4.9,-0.7,NA
Aminda Ingulfson,Joystick,180.08000000000004,1544.6400000000006,canter,488,3.91,0.04,R,14.5,1.9,-0.9,NA
Aminda Ingulfson,Joystick,180.56000000000006,1548.8700000000006,canter,529,4.23,0.06,R,11.1,3.3,-1,NA
Aminda Ingulfson,Joystick,181.05000000000007,1553.3900000000006,canter,553,4.52,0.06,R,12.9,1.5,-1,NA
Aminda Ingulfson,Joystick,181.56000000000006,1558.3600000000006,canter,585,4.97,0.08,R,13.6,2.5,-0.9,NA
Aminda Ingulfson,Joystick,182.09000000000003,1563.6300000000006,canter,597,5.27,0.08,R,12.3,1.3,-1,NA
Aminda Ingulfson,Joystick,182.60000000000002,1568.9500000000005,canter,626,5.32,0.08,R,13.2,1.6,-1,NA
Aminda Ingulfson,Joystick,183.07000000000005,1573.6500000000005,canter,600,4.7,0.05,R,8.6,3.8,-1,NA
Aminda Ingulfson,Joystick,183.59000000000003,1578.4700000000005,canter,556,4.82,0.09,R,5.6,2.8,-1.1,NA
Aminda Ingulfson,Joystick,184.11,1583.3900000000006,canter,567,4.92,0.09,R,5.6,2.6,-1,NA
Aminda Ingulfson,Joystick,184.61,1588.2800000000007,canter,587,4.89,0.08,R,6.3,2.1,-1,NA
Aminda Ingulfson,Joystick,185.12,1593.2700000000007,canter,586,4.99,0.08,R,7.9,2.5,-1,NA
Aminda Ingulfson,Joystick,185.61,1598.0300000000007,canter,583,4.76,0.08,R,5.5,0.6,-1.1,NA
Aminda Ingulfson,Joystick,186.12,1602.9000000000005,canter,573,4.87,0.08,R,5.7,2.2,-1,NA
Aminda Ingulfson,Joystick,186.64999999999998,1608.2200000000005,canter,602,5.32,0.08,R,5.9,0.7,-0.9,NA
Aminda Ingulfson,Joystick,187.16000000000008,1613.4700000000005,canter,618,5.25,0.08,R,8,3.2,-0.8,NA
Aminda Ingulfson,Joystick,187.64,1618.6100000000006,canter,642,5.14,0.07,R,8,0.6,-0.9,NA
Aminda Ingulfson,Joystick,188.16000000000008,1624.1600000000005,canter,640,5.55,0.08,R,8.5,1.4,-0.8,NA
Aminda Ingulfson,Joystick,188.62,1628.9700000000005,canter,627,4.81,0.07,R,7.4,0.8,-0.7,NA
Aminda Ingulfson,Joystick,189.12,1634.4800000000005,canter,661,5.51,0.09,R,9.6,1.8,-0.7,NA
Aminda Ingulfson,Joystick,189.68000000000006,1640.9100000000005,canter,688,6.43,0.1,R,9.9,0,-0.7,NA
Aminda Ingulfson,Joystick,190.14,1646.1500000000005,canter,684,5.24,0.07,R,6.1,-3,-0.8,NA
Aminda Ingulfson,Joystick,190.66000000000008,1651.8600000000006,canter,658,5.71,0.08,R,5.9,-1.5,-0.8,NA
Aminda Ingulfson,Joystick,191.14999999999998,1657.1400000000006,canter,646,5.28,0.1,R,6.5,-0.6,-0.9,NA
Aminda Ingulfson,Joystick,191.64999999999998,1662.3900000000006,canter,630,5.25,0.1,R,5.2,-0.7,-0.9,NA
Aminda Ingulfson,Joystick,192.16000000000008,1667.6500000000005,canter,618,5.26,0.1,R,4.3,-0.8,-0.9,NA
Aminda Ingulfson,Joystick,192.69000000000005,1673.0200000000004,canter,608,5.37,0.08,R,5.2,0.4,-0.9,NA
Aminda Ingulfson,Joystick,193.20000000000005,1678.1200000000003,canter,600,5.1,0.09,R,3.7,2,-0.8,NA
Aminda Ingulfson,Joystick,193.68000000000006,1682.8700000000003,canter,594,4.75,0.06,R,4,-0.7,-0.8,NA
Aminda Ingulfson,Joystick,194.26,1688.9200000000003,canter,626,6.05,0.13,R,6.3,1.9,-0.8,NA
Aminda Ingulfson,Joystick,194.71000000000004,1693.9100000000003,canter,665,4.99,0.07,R,8.8,-2,-0.8,NA
Aminda Ingulfson,Joystick,195.21000000000004,1699.4100000000003,canter,660,5.5,0.08,R,13.5,0.4,-0.7,NA
Aminda Ingulfson,Joystick,195.72000000000003,1705.1400000000003,canter,674,5.73,0.08,R,15.2,2,-0.7,NA
Aminda Ingulfson,Joystick,196.22000000000003,1710.8600000000004,canter,687,5.72,0.08,R,14.5,1.7,-0.8,NA
Aminda Ingulfson,Joystick,196.74,1717.0700000000004,canter,717,6.21,0.08,R,16.4,2.2,-0.8,NA
Aminda Ingulfson,Joystick,197.22000000000003,1722.9900000000005,canter,740,5.92,0.06,R,15.9,3.4,-0.8,NA
Aminda Ingulfson,Joystick,197.74,1729.2300000000005,canter,720,6.24,0.08,R,13.9,6.1,-0.8,NA
Aminda Ingulfson,Joystick,198.25,1735.1800000000005,canter,700,5.95,0.08,R,11.5,5.6,-0.8,NA
Aminda Ingulfson,Joystick,198.75,1740.8600000000006,canter,681,5.68,0.08,R,8.9,4.5,-0.8,NA
Aminda Ingulfson,Joystick,199.24,1746.4100000000005,canter,680,5.55,0.07,R,8.9,3.8,-0.8,NA
Aminda Ingulfson,Joystick,199.76999999999998,1752.4500000000005,canter,683,6.04,0.09,R,9.9,3.7,-0.7,NA
Aminda Ingulfson,Joystick,200.25,1757.1500000000005,canter,588,4.7,0.08,R,5.3,4.2,-0.9,NA
Aminda Ingulfson,Joystick,200.72000000000003,1761.8600000000006,canter,602,4.71,0.07,R,7.1,4,-0.9,NA
Aminda Ingulfson,Joystick,201.31000000000006,1768.3900000000006,canter,664,6.53,0.09,R,10.5,1.9,-0.8,NA
Aminda Ingulfson,Joystick,201.76,1773.9900000000005,canter,747,5.6,0.09,R,9.9,-1.5,-0.8,NA
Aminda Ingulfson,Joystick,202.26999999999998,1780.0700000000004,canter,715,6.08,0.08,R,11,1.1,1.3,NA
Aminda Ingulfson,Joystick,202.80000000000007,1786.2100000000005,canter,695,6.14,0.08,R,12,1.6,2.2,NA
Aminda Ingulfson,Joystick,203.29000000000008,1791.9000000000005,canter,697,5.69,0.1,R,11.8,3.4,4.7,NA
Aminda Ingulfson,Joystick,203.76,1797.4300000000005,canter,706,5.53,0.07,R,12,2.7,4.8,NA
Aminda Ingulfson,Joystick,204.2800000000001,1803.3100000000006,canter,679,5.88,0.08,R,10.7,3.3,5.6,NA
Aminda Ingulfson,Joystick,204.81000000000006,1809.4200000000005,canter,691,6.11,0.1,R,8.9,3.4,5.6,NA
Aminda Ingulfson,Joystick,205.30000000000007,1814.8500000000006,canter,665,5.43,0.08,R,8.1,3.2,5.6,NA
Aminda Ingulfson,Joystick,205.83000000000004,1820.3700000000006,canter,625,5.52,0.09,R,7,3.4,5.5,NA
Aminda Ingulfson,Joystick,206.23000000000002,1824.6100000000006,canter,635,4.24,0.05,R,5.7,-1.3,5.5,NA
Aminda Ingulfson,Joystick,206.76999999999998,1830.6600000000005,canter,673,6.05,0.06,R,8.2,1.2,5.5,NA
Aminda Ingulfson,Joystick,207.29000000000008,1836.6400000000006,canter,691,5.98,0.09,R,9.5,1.2,5.5,NA
Aminda Ingulfson,Joystick,207.79000000000008,1842.5700000000006,canter,711,5.93,0.09,R,9.2,-0.8,5.5,NA
Aminda Ingulfson,Joystick,208.29000000000008,1848.3900000000006,canter,698,5.82,0.09,R,8.3,0.6,5.6,NA
Aminda Ingulfson,Joystick,208.80000000000007,1854.3200000000006,canter,697,5.93,0.08,R,8.3,-0.2,5.6,NA
Aminda Ingulfson,Joystick,209.32000000000005,1860.2800000000007,canter,688,5.96,0.1,R,6.6,0,5.6,NA
Aminda Ingulfson,Joystick,209.80000000000007,1865.8700000000006,canter,698,5.59,0.09,R,6.5,-0.6,5.6,NA
Aminda Ingulfson,Joystick,210.32000000000005,1871.8700000000006,canter,692,6,0.13,R,8.5,0.8,5.6,NA
Aminda Ingulfson,Joystick,210.87,1878.0300000000007,canter,672,6.16,0.15,R,9.2,2,5.6,NA
Aminda Ingulfson,Joystick,211.37,1883.4200000000008,canter,647,5.39,0.09,R,9.7,2.3,5.7,NA
Aminda Ingulfson,Joystick,211.89,1888.9700000000007,canter,641,5.55,0.11,R,8.8,3,5.6,NA
Aminda Ingulfson,Joystick,212.42000000000007,1894.6000000000008,canter,637,5.63,0.12,R,10.7,3.1,5.5,NA
Aminda Ingulfson,Joystick,212.95000000000005,1900.1800000000007,canter,632,5.58,0.14,R,11.5,5,5.2,NA
Aminda Ingulfson,Joystick,213.48000000000002,1905.6100000000008,canter,615,5.43,0.16,S,4.8,5.4,5.1,NA
Aminda Ingulfson,Joystick,214.0300000000001,1910.7800000000009,canter,564,5.17,0.15,R,4.7,7,5,NA
Aminda Ingulfson,Joystick,214.60000000000002,1915.720000000001,canter,519,4.94,0.15,R,4,8.8,4.8,NA
Aminda Ingulfson,Joystick,215.09000000000003,1919.5700000000008,canter,471,3.85,0.09,R,1.7,8.3,4.6,NA
Aminda Ingulfson,Joystick,215.72000000000003,1924.4100000000008,canter,461,4.84,0.08,R,3.1,10,4.4,NA
Aminda Ingulfson,Joystick,217.0208733624454,1934.3400000000008,Jump,458,9.93,1.83,NA,6.42,NA,4.18,11
Aminda Ingulfson,Joystick,217.29000000000008,1936.5400000000009,canter,490,2.2,0.02,R,4.9,-2.5,4.5,NA
Aminda Ingulfson,Joystick,217.81000000000006,1940.7800000000009,canter,489,4.24,0.06,R,4.8,3.2,4.3,NA
Aminda Ingulfson,Joystick,218.32000000000005,1945.0400000000009,canter,501,4.26,0.07,R,2.9,2.2,4.4,NA
Aminda Ingulfson,Joystick,218.83000000000004,1949.420000000001,canter,516,4.38,0.1,S,5.5,0,4.5,NA
Aminda Ingulfson,Joystick,219.30000000000007,1953.330000000001,canter,499,3.91,0.08,S,3,-0.2,4.6,NA
Aminda Ingulfson,Joystick,219.83000000000004,1957.790000000001,canter,504,4.46,0.12,S,0.1,-0.5,4.7,NA
Aminda Ingulfson,Joystick,220.38,1962.390000000001,canter,502,4.6,0.16,S,0.1,-0.5,4.9,NA
Aminda Ingulfson,Joystick,220.88,1966.900000000001,canter,541,4.51,0.13,S,4,-4.4,5,NA
Aminda Ingulfson,Joystick,221.42000000000007,1972.040000000001,canter,571,5.14,0.14,S,6.9,-6.1,5.2,NA
Aminda Ingulfson,Joystick,221.96000000000004,1977.310000000001,canter,586,5.27,0.17,R,9.5,-5.1,5.2,NA
Aminda Ingulfson,Joystick,222.46000000000004,1981.7400000000011,canter,531,4.43,0.15,S,4.5,-2.7,5.1,NA
Aminda Ingulfson,Joystick,223,1986.1300000000012,canter,488,4.39,0.15,S,4.5,-1.5,5.1,NA
Aminda Ingulfson,Joystick,223.51999999999998,1990.1100000000013,canter,459,3.98,0.1,S,3.8,2.3,5.1,NA
Aminda Ingulfson,Joystick,223.99,1993.6600000000012,canter,453,3.55,0.05,R,2.4,0.7,5.2,NA
Aminda Ingulfson,Joystick,224.43000000000006,1997.1300000000012,canter,473,3.47,0.06,R,3,0.2,5.4,NA
Aminda Ingulfson,Joystick,224.88,2000.7600000000014,canter,483,3.63,0.1,R,7.8,-1.5,5.4,NA
Aminda Ingulfson,Joystick,225.92999999999995,2009.7200000000014,Jump,512,8.96,1.65,NA,10.47,NA,5.49,12a
Aminda Ingulfson,Joystick,226.22000000000003,2012.0500000000013,canter,482,2.33,0.03,R,6.9,-9.6,5.6,NA
Aminda Ingulfson,Joystick,226.76,2015.6400000000012,canter,399,3.59,0.06,S,-0.3,-1.7,5.8,NA
Aminda Ingulfson,Joystick,227.08000000000004,2017.9600000000012,canter,435,2.32,0.05,R,7.2,-5.4,5.8,NA
Aminda Ingulfson,Joystick,228.17000000000007,2018.040000000001,canter,506,0.08,0,R,12.4,-26.5,5.8,NA
Aminda Ingulfson,Joystick,228.49,2020.7100000000012,canter,500,2.67,0.03,R,8.1,-2.7,5.7,NA
Aminda Ingulfson,Joystick,229,2024.9600000000012,canter,500,4.25,0.08,S,5.8,-1.2,5.7,NA
Aminda Ingulfson,Joystick,229.25027522935784,2032.810000000001,Jump,436,7.85,1.76,NA,9.86,NA,6,12b
Aminda Ingulfson,Joystick,229.46000000000004,2036.7500000000011,canter,514,3.94,0.06,S,-0.2,-6.1,5.7,NA
Aminda Ingulfson,Joystick,229.97000000000003,2041.4500000000012,canter,552,4.7,0.08,S,5.3,-5,5.6,NA
Aminda Ingulfson,Joystick,230.39999999999998,2046.070000000001,canter,645,4.62,0.05,S,4.9,-7.3,2.6,NA
Aminda Ingulfson,Joystick,230.91000000000008,2051.450000000001,canter,633,5.38,0.08,S,4.4,-6.2,0.3,NA
Aminda Ingulfson,Joystick,231.43000000000006,2056.660000000001,canter,601,5.21,0.09,S,6,-5.6,-0.5,NA
Aminda Ingulfson,Joystick,231.91000000000008,2061.360000000001,canter,588,4.7,0.08,R,6.1,-4.2,-0.5,NA
Aminda Ingulfson,Joystick,232.42000000000007,2066.860000000001,canter,647,5.5,0.08,R,7,-5.5,-0.5,NA
Aminda Ingulfson,Joystick,232.94000000000005,2072.920000000001,canter,700,6.06,0.09,R,10.1,-6.5,-0.5,NA
Aminda Ingulfson,Joystick,233.39999999999998,2078.800000000001,canter,767,5.88,0.07,R,13.5,-7.7,-0.5,NA
Aminda Ingulfson,Joystick,233.94000000000005,2085.630000000001,canter,759,6.83,0.12,R,11.7,-5.7,-0.5,NA
Aminda Ingulfson,Joystick,234.41000000000008,2091.450000000001,canter,742,5.82,0.07,R,9.8,-7,-0.5,NA
Aminda Ingulfson,Joystick,234.87,2097.030000000001,canter,728,5.58,0.07,S,7.6,-7.1,-0.6,NA
Aminda Ingulfson,Joystick,235.41000000000008,2103.740000000001,canter,746,6.71,0.12,S,6.4,-4.7,-0.6,NA
Aminda Ingulfson,Joystick,235.91000000000008,2109.7700000000013,canter,723,6.03,0.08,S,5.6,-5.1,-0.6,NA
Aminda Ingulfson,Joystick,236.46000000000004,2116.0300000000016,canter,682,6.26,0.1,S,3.8,-5.4,-0.6,NA
Aminda Ingulfson,Joystick,236.93000000000006,2121.2300000000014,canter,664,5.2,0.09,S,3.5,-4.3,-0.6,NA
Aminda Ingulfson,Joystick,237.45000000000005,2126.8200000000015,canter,645,5.59,0.13,S,1.3,-2.6,-0.5,NA
Aminda Ingulfson,Joystick,238.0300000000001,2133.1800000000017,canter,658,6.36,0.16,S,4.1,-2.1,-0.5,NA
Aminda Ingulfson,Joystick,238.47000000000003,2137.940000000002,canter,649,4.76,0.06,R,7.8,-6.2,-0.5,NA
Aminda Ingulfson,Joystick,238.98000000000002,2143.470000000002,canter,651,5.53,0.1,R,9.7,-3.3,-0.5,NA
Aminda Ingulfson,Joystick,239.49,2149.160000000002,canter,670,5.69,0.1,R,9.8,-2.1,-0.5,NA
Aminda Ingulfson,Joystick,240,2154.7500000000023,canter,658,5.59,0.1,R,9.3,-2.7,-0.6,NA
Aminda Ingulfson,Joystick,240.5300000000001,2160.5100000000025,canter,652,5.76,0.12,R,11.3,1,-0.6,NA
Aminda Ingulfson,Joystick,241.04000000000008,2166.2300000000023,canter,673,5.72,0.13,R,13.7,1.9,1,NA
Aminda Ingulfson,Joystick,241.5300000000001,2171.830000000002,canter,686,5.6,0.08,R,16.9,4,4.1,NA
Aminda Ingulfson,Joystick,242.05000000000007,2177.6500000000024,canter,672,5.82,0.1,R,16,8.4,5.5,NA
Aminda Ingulfson,Joystick,242.5300000000001,2182.6500000000024,canter,625,5,0.08,R,17.8,10.7,5.5,NA
Aminda Ingulfson,Joystick,243.06000000000006,2188.100000000002,canter,617,5.45,0.1,R,16,12.3,5.3,NA
Aminda Ingulfson,Joystick,243.60000000000002,2193.470000000002,canter,597,5.37,0.1,R,12.9,12.3,5,NA
Aminda Ingulfson,Joystick,244.13,2198.620000000002,canter,583,5.15,0.1,R,7.2,10.7,4.9,NA
Aminda Ingulfson,Joystick,244.57000000000005,2202.760000000002,canter,564,4.14,0.07,R,2.3,6.2,4.9,NA
Aminda Ingulfson,Joystick,245.14999999999998,2208.060000000002,canter,548,5.3,0.1,R,3.3,6.4,4.9,NA
Aminda Ingulfson,Joystick,245.66000000000008,2212.7300000000023,canter,550,4.67,0.1,R,3.1,4.3,4.9,NA
Aminda Ingulfson,Joystick,246.20000000000005,2217.7900000000022,canter,562,5.06,0.14,R,2.7,0.6,4.9,NA
Aminda Ingulfson,Joystick,246.66000000000008,2222.0400000000022,canter,555,4.25,0.06,R,3.5,-3.2,5,NA
Aminda Ingulfson,Joystick,247.22000000000003,2226.990000000002,canter,530,4.95,0.15,R,3.4,0.7,5.1,NA
Aminda Ingulfson,Joystick,247.7800000000001,2232.0000000000023,canter,536,5.01,0.16,R,5.2,1.2,5.1,NA
Aminda Ingulfson,Joystick,248.30000000000007,2236.390000000002,canter,507,4.39,0.14,S,3.6,1.9,5.1,NA
Aminda Ingulfson,Joystick,248.85000000000002,2240.630000000002,canter,462,4.24,0.18,S,0.9,-0.2,5.2,NA
Aminda Ingulfson,Joystick,249.38,2244.670000000002,canter,457,4.04,0.09,S,4.8,1.3,5.2,NA
Aminda Ingulfson,Joystick,249.83000000000004,2248.1200000000017,canter,460,3.45,0.07,R,8.1,3.5,5,NA
Aminda Ingulfson,Joystick,250.24,2251.4700000000016,canter,490,3.35,0.09,R,9.8,0.1,5,NA
Aminda Ingulfson,Joystick,251.29098039215683,2259.5100000000016,Jump,459,8.04,1.63,NA,-3.36,NA,4.81,13
Aminda Ingulfson,Joystick,251.56000000000006,2261.5100000000016,canter,443,2,0.01,S,-1.7,-3.1,4.9,NA
Aminda Ingulfson,Joystick,252.06000000000006,2265.4700000000016,canter,475,3.96,0.06,R,18.8,1.9,4.6,NA
Aminda Ingulfson,Joystick,252.57000000000005,2270.3600000000015,canter,576,4.89,0.07,R,18.4,7.8,3.5,NA
Aminda Ingulfson,Joystick,253.07000000000005,2275.3100000000013,canter,594,4.95,0.08,R,15.7,6.4,3.1,NA
Aminda Ingulfson,Joystick,253.60000000000002,2280.510000000001,canter,588,5.2,0.08,R,12,6.9,2.9,NA
Aminda Ingulfson,Joystick,254.13,2285.690000000001,canter,587,5.18,0.08,R,9.6,6.6,2.8,NA
Aminda Ingulfson,Joystick,254.63,2290.380000000001,canter,563,4.69,0.09,R,6.3,6,2.7,NA
Aminda Ingulfson,Joystick,255.14999999999998,2294.970000000001,canter,530,4.59,0.1,R,6.4,5.5,2.6,NA
Aminda Ingulfson,Joystick,255.68000000000006,2299.9800000000014,canter,567,5.01,0.11,R,7.7,4.8,2.5,NA
Aminda Ingulfson,Joystick,256.23,2305.2500000000014,canter,575,5.27,0.12,R,7.3,4.3,2.5,NA
Aminda Ingulfson,Joystick,256.73,2309.8100000000013,canter,547,4.56,0.1,R,4.3,1.6,2.5,NA
Aminda Ingulfson,Joystick,257.2800000000001,2314.8200000000015,canter,547,5.01,0.16,R,3.5,1.2,2.4,NA
Aminda Ingulfson,Joystick,257.82000000000005,2319.6400000000017,canter,535,4.82,0.12,R,4.3,1.1,2.5,NA
Aminda Ingulfson,Joystick,258.36,2324.5300000000016,canter,543,4.89,0.13,R,7.8,-0.5,2.4,NA
Aminda Ingulfson,Joystick,258.88,2329.3800000000015,canter,560,4.85,0.13,R,12.1,1.6,2.2,NA
Aminda Ingulfson,Joystick,259.46000000000004,2334.5000000000014,canter,529,5.12,0.15,R,12.1,4.9,1.8,NA
Aminda Ingulfson,Joystick,260,2338.990000000001,canter,499,4.49,0.16,R,7.8,7.8,1.6,NA
Aminda Ingulfson,Joystick,260.5400000000001,2343.400000000001,canter,490,4.41,0.16,R,12.4,8.7,1.2,NA
Aminda Ingulfson,Joystick,261.01,2347.340000000001,canter,502,3.94,0.08,R,14.1,8.9,0.7,NA
Aminda Ingulfson,Joystick,261.5400000000001,2351.750000000001,canter,499,4.41,0.07,R,11.6,12.1,0.3,NA
Aminda Ingulfson,Joystick,262.02,2355.4500000000007,canter,463,3.7,0.05,R,10.3,13,-0.1,NA
Aminda Ingulfson,Joystick,262.37,2358.1600000000008,canter,465,2.71,0.05,R,11,9.8,-0.3,NA
Aminda Ingulfson,Joystick,263.52,2358.2400000000007,canter,510,0.08,0,R,7.7,-22.6,-0.7,NA
Aminda Ingulfson,Joystick,263.85,2360.4900000000007,canter,408,2.25,0.02,R,8.7,6.9,-0.7,NA
Aminda Ingulfson,Joystick,264.31000000000006,2363.6700000000005,canter,414,3.18,0.08,R,9.8,7.3,-0.8,NA
Aminda Ingulfson,Joystick,264.6607058823529,2371.7500000000005,Jump,425,8.08,1.87,NA,14.35,NA,-0.77,14a
Aminda Ingulfson,Joystick,264.89,2375.4800000000005,canter,386,3.73,0.15,R,6.1,7.6,-0.7,NA
Aminda Ingulfson,Joystick,265.34000000000003,2379.0700000000006,canter,479,3.59,0.09,R,14.6,4.7,-0.9,NA
Aminda Ingulfson,Joystick,265.87,2383.370000000001,canter,487,4.3,0.12,R,17.2,4,-0.8,NA
Aminda Ingulfson,Joystick,266.43000000000006,2387.850000000001,canter,480,4.48,0.17,R,16.9,8.2,-0.7,NA
Aminda Ingulfson,Joystick,267,2392.130000000001,canter,451,4.28,0.2,R,15,8.2,-0.7,NA
Aminda Ingulfson,Joystick,267.51,2396.290000000001,canter,490,4.16,0.12,R,17.1,7.6,-0.8,NA
Aminda Ingulfson,Joystick,268.01,2400.080000000001,canter,455,3.79,0.11,R,15.4,9.5,-0.9,NA
Aminda Ingulfson,Joystick,268.5300000000001,2403.920000000001,canter,443,3.84,0.09,R,19.4,11.5,-1,NA
Aminda Ingulfson,Joystick,269.0300000000001,2407.790000000001,canter,464,3.87,0.07,R,19.1,13.6,-1.1,NA
Aminda Ingulfson,Joystick,269.5400000000001,2411.7000000000007,canter,460,3.91,0.07,R,11.3,11.9,-0.9,NA
Aminda Ingulfson,Joystick,269.89,2414.2800000000007,canter,442,2.58,0.06,R,9.9,9.4,-0.9,NA
Aminda Ingulfson,Joystick,271.0007049608355,2421.370000000001,Jump,383,7.09,1.77,NA,9.52,NA,-0.65,14b
Aminda Ingulfson,Joystick,271.30000000000007,2423.120000000001,canter,351,1.75,0.03,R,4,2.2,-0.7,NA
Aminda Ingulfson,Joystick,271.7900000000001,2425.400000000001,canter,279,2.28,0.11,R,5.3,11.5,-0.6,NA
Aminda Ingulfson,Joystick,272.19000000000005,2427.340000000001,canter,291,1.94,0.11,R,11.7,7.6,-0.6,NA
Aminda Ingulfson,Joystick,272.80000000000007,2429.240000000001,canter,187,1.9,0.23,R,7,8.6,-0.7,NA
Aminda Ingulfson,Joystick,273.34000000000003,2430.210000000001,canter,107,0.97,0.1,S,-0.9,0.3,2.6,NA
Aminda Ingulfson,Joystick,273.68000000000006,2430.620000000001,canter,72,0.41,0.03,R,0.4,2.7,3.8,NA
Aminda Ingulfson,Joystick,274.20000000000005,2430.8400000000006,canter,25,0.22,0.02,R,4,7.8,3.1,NA
Aminda Ingulfson,Joystick,274.5300000000001,2430.9300000000007,canter,16,0.09,0.02,R,7.1,8.7,4.1,NA
Aminda Ingulfson,Joystick,274.97,2431.390000000001,canter,63,0.46,0.03,R,8,7.2,3.2,NA
Aminda Ingulfson,Joystick,275.57000000000005,2432.7400000000007,canter,135,1.35,0.05,R,6.6,6.6,2.8,NA
Aminda Ingulfson,Joystick,276.12,2434.3600000000006,canter,177,1.62,0.05,S,1.2,5.7,3.3,NA
Aminda Ingulfson,Joystick,276.69000000000005,2436.5700000000006,canter,233,2.21,0.13,S,6.4,6.7,3.7,NA
Aminda Ingulfson,Joystick,277.22,2439.080000000001,canter,284,2.51,0.1,R,9.7,1.1,3.7,NA
Aminda Ingulfson,Joystick,277.84000000000003,2442.620000000001,canter,342,3.54,0.17,R,16.8,6.8,3.1,NA
Aminda Ingulfson,Joystick,278.32000000000005,2445.7600000000007,canter,393,3.14,0.1,R,20,-1.9,2.7,NA
Aminda Ingulfson,Joystick,278.88,2449.4500000000007,canter,395,3.69,0.13,R,23.2,3.9,2,NA
Aminda Ingulfson,Joystick,279.43000000000006,2453.2000000000007,canter,409,3.75,0.11,R,27.7,4.8,1,NA
Aminda Ingulfson,Joystick,279.98,2456.580000000001,canter,369,3.38,0.12,R,23.4,6.2,0,NA
Aminda Ingulfson,Joystick,280.57000000000005,2460.380000000001,canter,387,3.8,0.13,R,24.2,5.2,-0.8,NA
Aminda Ingulfson,Joystick,281.15,2463.900000000001,canter,365,3.52,0.13,R,26.4,6.8,-1.4,NA
Aminda Ingulfson,Joystick,281.70000000000005,2467.100000000001,canter,349,3.2,0.13,R,24.9,7.5,-1.3,NA
Aminda Ingulfson,Joystick,282.24,2470.2800000000007,canter,353,3.18,0.11,R,23.4,5.7,-1.4,NA
Aminda Ingulfson,Joystick,282.7800000000001,2473.850000000001,canter,397,3.57,0.09,R,22.8,3.9,-1.3,NA
Aminda Ingulfson,Joystick,283.26,2477.440000000001,canter,449,3.59,0.06,R,11.3,2.5,3.4,NA
Aminda Ingulfson,Joystick,283.6700000000001,2480.450000000001,canter,440,3.01,0.06,R,6.9,2.9,5,NA
Aminda Ingulfson,Joystick,284.79958435207834,2488.150000000001,Jump,409,7.7,1.82,NA,7.77,NA,5.18,14c
Aminda Ingulfson,Joystick,285.08000000000004,2490.220000000001,canter,444,2.07,0.02,S,3.7,-2.1,0.1,NA
Aminda Ingulfson,Joystick,285.59000000000003,2493.440000000001,canter,379,3.22,0.03,L,-3.3,3.7,-0.9,NA
Aminda Ingulfson,Joystick,286.1,2497.040000000001,canter,423,3.6,0.04,L,-3.1,3.4,-0.8,NA
Aminda Ingulfson,Joystick,286.55000000000007,2500.640000000001,canter,480,3.6,0.04,S,0.5,-1.2,-0.9,NA
Aminda Ingulfson,Joystick,287.02,2504.9100000000008,canter,545,4.27,0.06,R,6.3,-3.5,-0.9,NA
Aminda Ingulfson,Joystick,287.51,2509.440000000001,canter,554,4.53,0.09,R,6.3,-5.4,-0.9,NA
Aminda Ingulfson,Joystick,288.0300000000001,2514.440000000001,canter,577,5,0.11,S,2.8,-6.7,-0.9,NA
Aminda Ingulfson,Joystick,288.55000000000007,2519.460000000001,canter,580,5.02,0.13,S,-0.8,-6.1,-0.9,NA
Aminda Ingulfson,Joystick,289.07000000000005,2524.4300000000007,canter,573,4.97,0.14,L,-2.3,-7.1,-0.9,NA
Aminda Ingulfson,Joystick,289.59000000000003,2529.5700000000006,canter,593,5.14,0.14,S,-1.4,-9.5,-1,NA
Aminda Ingulfson,Joystick,290.06000000000006,2533.9700000000007,canter,562,4.4,0.12,S,-1.4,-6.3,-0.9,NA
Aminda Ingulfson,Joystick,290.65,2539.2800000000007,canter,540,5.31,0.16,S,-0.1,-6.3,-0.9,NA
Aminda Ingulfson,Joystick,291.1700000000001,2544.0100000000007,canter,546,4.73,0.16,S,2.6,-9.5,-0.9,NA
Aminda Ingulfson,Joystick,291.70000000000005,2548.620000000001,canter,522,4.61,0.17,S,0.8,-7.3,-0.9,NA
Aminda Ingulfson,Joystick,292.26,2553.3200000000006,canter,503,4.7,0.18,S,-0.6,-5.3,-0.8,NA
Aminda Ingulfson,Joystick,292.7900000000001,2557.7200000000007,canter,498,4.4,0.11,S,0.2,-5.1,-0.7,NA
Aminda Ingulfson,Joystick,293.24,2561.6700000000005,canter,526,3.95,0.08,S,0.2,-5,-0.8,NA
Aminda Ingulfson,Joystick,293.76,2566.3000000000006,canter,534,4.63,0.13,S,1.2,-4.2,-0.8,NA
Aminda Ingulfson,Joystick,294.23,2570.5000000000005,canter,536,4.2,0.08,S,3.5,-4.2,-0.5,NA
Aminda Ingulfson,Joystick,294.61,2573.8900000000003,canter,536,3.39,0.07,R,7.8,-5.3,-0.3,NA
Aminda Ingulfson,Joystick,295.66153374233136,2582.4600000000005,Jump,489,8.57,1.73,NA,7.39,NA,-0.17,15
Aminda Ingulfson,Joystick,295.99,2585.4700000000007,canter,547,3.01,0.04,R,12.2,-12,0.1,NA
Aminda Ingulfson,Joystick,296.52,2590.120000000001,canter,527,4.65,0.05,R,5,-5.8,0.2,NA
Aminda Ingulfson,Joystick,296.94000000000005,2593.9300000000007,canter,544,3.81,0.06,R,8.1,-6.6,0.3,NA
Aminda Ingulfson,Joystick,297.45000000000005,2598.770000000001,canter,570,4.84,0.1,R,6.6,-7.6,0.3,NA
Aminda Ingulfson,Joystick,298.02,2604.5100000000007,canter,604,5.74,0.16,S,5.4,-4.9,0.4,NA
Aminda Ingulfson,Joystick,298.55000000000007,2609.6700000000005,canter,584,5.16,0.16,R,8.7,-2.9,0.3,NA
Aminda Ingulfson,Joystick,299.06000000000006,2614.4300000000007,canter,559,4.76,0.13,R,7.7,-2.2,0.3,NA
Aminda Ingulfson,Joystick,299.6,2619.4500000000007,canter,558,5.02,0.16,R,4,-3,0.4,NA
Aminda Ingulfson,Joystick,300.15,2624.1100000000006,canter,509,4.66,0.15,R,5.7,-1.6,0.4,NA
Aminda Ingulfson,Joystick,300.65,2628.620000000001,canter,541,4.51,0.1,R,7.1,-3.7,0.4,NA
Aminda Ingulfson,Joystick,301.21000000000004,2633.880000000001,canter,564,5.26,0.16,R,10.1,-0.8,0.2,NA
Aminda Ingulfson,Joystick,301.74,2638.370000000001,canter,508,4.49,0.11,R,10.8,2.7,-0.2,NA
Aminda Ingulfson,Joystick,302.26,2642.650000000001,canter,494,4.28,0.1,R,10.2,2.9,-0.4,NA
Aminda Ingulfson,Joystick,302.7800000000001,2646.980000000001,canter,500,4.33,0.13,R,9.4,2.3,-0.6,NA
Aminda Ingulfson,Joystick,303.31000000000006,2651.310000000001,canter,490,4.33,0.1,R,9.7,5.6,-0.9,NA
Aminda Ingulfson,Joystick,303.83000000000004,2655.730000000001,canter,509,4.42,0.11,R,10.6,5.5,-1.1,NA
Aminda Ingulfson,Joystick,304.21000000000004,2658.810000000001,canter,485,3.08,0.07,R,11.1,3.3,-1,NA
Aminda Ingulfson,Joystick,305.23985074626864,2665.710000000001,Jump,402,6.9,1.8,NA,9.96,NA,-1,16
Aminda Ingulfson,Joystick,305.38,2666.650000000001,canter,403,0.94,0.07,L,-3.1,-23.7,-1.2,NA
Aminda Ingulfson,Joystick,306.12,2672.110000000001,canter,442,5.46,0.07,S,2.6,3.8,-1.3,NA
Aminda Ingulfson,Joystick,306.6,2676.440000000001,canter,541,4.33,0.06,R,8.7,-4.2,-1.3,NA
Aminda Ingulfson,Joystick,307.15,2681.350000000001,canter,536,4.91,0.07,R,11.6,0.7,-1.1,NA
Aminda Ingulfson,Joystick,307.6700000000001,2686.3400000000006,canter,575,4.99,0.08,R,11.4,0.3,-1,NA
Aminda Ingulfson,Joystick,308.19000000000005,2691.5000000000005,canter,595,5.16,0.09,R,10.2,-0.5,-1,NA
Aminda Ingulfson,Joystick,308.71000000000004,2696.4600000000005,canter,573,4.96,0.11,R,7.8,0.6,-0.9,NA
Aminda Ingulfson,Joystick,309.25,2701.8700000000003,canter,601,5.41,0.11,R,6.3,-2.8,-0.9,NA
Aminda Ingulfson,Joystick,309.76,2706.8300000000004,canter,584,4.96,0.1,R,6,-3.9,-0.9,NA
Aminda Ingulfson,Joystick,310.2900000000001,2712.07,canter,593,5.24,0.11,R,6.2,-1.9,-0.9,NA
Aminda Ingulfson,Joystick,310.80000000000007,2717.3500000000004,canter,621,5.28,0.1,R,6.1,-2.2,-0.8,NA
Aminda Ingulfson,Joystick,311.33000000000004,2722.6800000000003,canter,603,5.33,0.11,R,3.7,-4.4,-0.8,NA
Aminda Ingulfson,Joystick,311.84000000000003,2727.7400000000002,canter,595,5.06,0.1,R,2.9,-5.9,-0.8,NA
Aminda Ingulfson,Joystick,312.39,2732.94,canter,568,5.2,0.13,R,3.2,-3.6,-0.8,NA
Aminda Ingulfson,Joystick,312.94000000000005,2737.91,canter,542,4.97,0.14,S,2,-3.6,-0.8,NA
Aminda Ingulfson,Joystick,313.44000000000005,2742.41,canter,540,4.5,0.1,S,-1.2,-6.2,-0.9,NA
Aminda Ingulfson,Joystick,314.0300000000001,2747.68,canter,536,5.27,0.18,S,0.2,-4.3,-0.8,NA
Aminda Ingulfson,Joystick,314.5400000000001,2752.12,canter,522,4.44,0.15,S,-0.3,-7.2,-0.8,NA
Aminda Ingulfson,Joystick,315.11,2756.88,canter,501,4.76,0.13,S,-1.2,-4.4,-0.6,NA
Aminda Ingulfson,Joystick,315.56000000000006,2760.65,canter,503,3.77,0.11,S,-3.1,-8.9,-0.7,NA
Aminda Ingulfson,Joystick,316.21000000000004,2766.17,canter,509,5.52,0.22,S,6.7,-4.3,-0.8,NA
Aminda Ingulfson,Joystick,316.74,2771.08,canter,556,4.91,0.15,R,15,-4.4,-0.9,NA
Aminda Ingulfson,Joystick,317.20000000000005,2775.5,canter,577,4.42,0.07,R,16.7,-0.1,-1,NA
Aminda Ingulfson,Joystick,317.76,2779.84,canter,465,4.34,0.13,S,1.8,8.3,-1.1,NA
Aminda Ingulfson,Joystick,318.30000000000007,2783.61,canter,419,3.77,0.17,S,-2.1,1.1,-0.9,NA
Aminda Ingulfson,Joystick,318.84000000000003,2787.19,canter,398,3.58,0.18,S,-0.2,-4.2,-0.8,NA
Aminda Ingulfson,Joystick,319.43000000000006,2790.9700000000003,canter,384,3.78,0.22,S,0.4,-0.9,-0.8,NA
Aminda Ingulfson,Joystick,319.93000000000006,2794.3100000000004,canter,401,3.34,0.15,S,3.8,-4.1,-1,NA
Aminda Ingulfson,Joystick,320.43000000000006,2797.6700000000005,canter,403,3.36,0.1,S,2.7,4.1,-1,NA
Aminda Ingulfson,Joystick,320.9,2800.8300000000004,canter,404,3.16,0.09,S,4.2,6.5,-0.9,NA
Aminda Ingulfson,Joystick,321.9101694915254,2806.7900000000004,Jump,354,5.96,1.58,NA,-0.7,NA,-0.74,17a
Aminda Ingulfson,Joystick,322.25,2808.8700000000003,canter,366,2.08,0.05,S,-3.3,-10.4,-1.1,NA
Aminda Ingulfson,Joystick,322.72,2811.6700000000005,canter,357,2.8,0.05,R,5.8,1.7,-1,NA
Aminda Ingulfson,Joystick,323.13,2814.4400000000005,canter,406,2.77,0.08,R,4.5,2.2,-1,NA
Aminda Ingulfson,Joystick,324.15935779816516,2821.9200000000005,Jump,436,7.48,1.61,NA,7.5,NA,-1,17b
Aminda Ingulfson,Joystick,324.48,2824.3900000000003,canter,463,2.47,0.02,S,0.3,-3.9,-1.1,NA
Aminda Ingulfson,Joystick,324.83000000000004,2826.9100000000003,canter,432,2.52,0.04,L,-7.5,-7.1,-1,NA
Aminda Ingulfson,Joystick,325.46000000000004,2831.4500000000003,canter,433,4.54,0.06,L,-8.1,1.8,-0.9,NA
Aminda Ingulfson,Joystick,325.9200000000001,2835.07,canter,473,3.62,0.04,S,-0.8,-0.3,-0.8,NA
Aminda Ingulfson,Joystick,326.4200000000001,2839.4,canter,519,4.33,0.06,R,3.6,-2.3,-0.8,NA
Aminda Ingulfson,Joystick,326.9,2844.12,canter,590,4.72,0.07,R,5.8,-3,-0.8,NA
Aminda Ingulfson,Joystick,327.4,2849.37,canter,630,5.25,0.08,R,5.3,-4,-0.8,NA
Aminda Ingulfson,Joystick,327.88,2854.6,canter,654,5.23,0.07,S,4.7,-5.8,-0.8,NA
Aminda Ingulfson,Joystick,328.38,2860.16,canter,667,5.56,0.08,S,3.7,-4.7,-0.8,NA
Aminda Ingulfson,Joystick,328.87,2865.7599999999998,canter,686,5.6,0.07,S,5.1,-5,-0.8,NA
Aminda Ingulfson,Joystick,329.34000000000003,2871.6,canter,745,5.84,0.07,R,7.8,-8,-0.8,NA
Aminda Ingulfson,Joystick,329.81000000000006,2877.3199999999997,canter,730,5.72,0.08,R,7,-6.7,-0.7,NA
Aminda Ingulfson,Joystick,330.36,2883.7699999999995,canter,704,6.45,0.09,S,3.2,-4.1,-0.7,NA
Aminda Ingulfson,Joystick,330.84000000000003,2889.3599999999997,canter,699,5.59,0.07,S,4,-5.8,-0.7,NA
Aminda Ingulfson,Joystick,331.32000000000005,2894.8499999999995,canter,686,5.49,0.07,S,4.2,-4.2,-0.7,NA
Aminda Ingulfson,Joystick,331.83000000000004,2900.9199999999996,canter,714,6.07,0.08,S,4.3,-5.4,-0.6,NA
Aminda Ingulfson,Joystick,332.32000000000005,2906.6499999999996,canter,701,5.73,0.09,S,3.1,-4.1,-0.6,NA
Aminda Ingulfson,Joystick,332.7900000000001,2911.93,canter,674,5.28,0.07,S,-0.8,-4.8,-0.6,NA
Aminda Ingulfson,Joystick,333.32000000000005,2917.8399999999997,canter,670,5.91,0.08,S,0.1,-4.1,-0.6,NA
Aminda Ingulfson,Joystick,333.7900000000001,2923.5299999999997,canter,727,5.69,0.08,S,5.4,-6.1,-0.6,NA
Aminda Ingulfson,Joystick,334.31000000000006,2929.49,canter,687,5.96,0.11,S,3.7,-3.1,-0.6,NA
Aminda Ingulfson,Joystick,334.7900000000001,2935.0699999999997,canter,697,5.58,0.07,S,2.7,-4.7,-0.6,NA
Aminda Ingulfson,Joystick,335.2900000000001,2941.0499999999997,canter,718,5.98,0.08,S,2.6,-3.8,-0.6,NA
Aminda Ingulfson,Joystick,335.7900000000001,2947.2799999999997,canter,747,6.23,0.08,S,3.6,-4.5,-0.6,NA
Aminda Ingulfson,Joystick,336.27,2952.97,canter,711,5.69,0.08,S,4.8,-3.8,-0.6,NA
Aminda Ingulfson,Joystick,336.80000000000007,2959.2,canter,705,6.23,0.09,S,2.3,-2.5,-0.6,NA
Aminda Ingulfson,Joystick,337.2900000000001,2964.64,canter,666,5.44,0.09,S,1.9,-1,-0.6,NA
Aminda Ingulfson,Joystick,337.85,2970.62,canter,640,5.98,0.13,S,2.9,-1.7,-0.5,NA
Aminda Ingulfson,Joystick,338.2900000000001,2975.0899999999997,canter,609,4.47,0.06,R,2.9,-3.2,-0.5,NA
Aminda Ingulfson,Joystick,338.80000000000007,2980.43,canter,629,5.34,0.1,R,3.8,-1.8,-0.5,NA
Aminda Ingulfson,Joystick,339.2800000000001,2985.66,canter,654,5.23,0.06,R,3.7,-4.1,-0.5,NA
Aminda Ingulfson,Joystick,339.75,2991.0299999999997,canter,685,5.37,0.07,R,4.7,-6.2,-0.4,NA
Aminda Ingulfson,Joystick,340.27,2997.4399999999996,canter,739,6.41,0.09,R,4.7,-4.6,-0.4,NA
Aminda Ingulfson,Joystick,340.77,3003.6699999999996,canter,748,6.23,0.1,R,2.1,-5.1,-0.3,NA
Aminda Ingulfson,Joystick,341.26,3009.6599999999994,canter,734,5.99,0.09,R,3,-5.1,-0.3,NA
Aminda Ingulfson,Joystick,341.77,3015.7899999999995,canter,722,6.13,0.11,R,2.4,-4.5,-0.3,NA
Aminda Ingulfson,Joystick,342.31000000000006,3022.3399999999997,canter,728,6.55,0.12,S,0.8,-4,-0.2,NA
Aminda Ingulfson,Joystick,342.82000000000005,3028.3299999999995,canter,704,5.99,0.11,S,2.2,-2,-0.2,NA
Aminda Ingulfson,Joystick,343.38,3034.7799999999993,canter,691,6.45,0.14,R,3.4,-0.8,-0.1,NA
Aminda Ingulfson,Joystick,343.86,3039.879999999999,canter,637,5.1,0.1,S,0,-3.4,0,NA
Aminda Ingulfson,Joystick,344.4,3045.479999999999,canter,623,5.6,0.12,R,1.9,-2.5,0,NA
Aminda Ingulfson,Joystick,344.95000000000005,3050.959999999999,canter,598,5.48,0.13,R,2,-2.6,0.1,NA
Aminda Ingulfson,Joystick,345.48,3055.9899999999993,canter,570,5.03,0.11,S,-0.6,-0.8,0.1,NA
Aminda Ingulfson,Joystick,346.01,3060.8499999999995,canter,550,4.86,0.15,S,-0.2,-1.4,0.2,NA
Aminda Ingulfson,Joystick,346.55000000000007,3065.5699999999993,canter,524,4.72,0.15,R,3.5,-0.1,0.3,NA
Aminda Ingulfson,Joystick,347.06000000000006,3070.1999999999994,canter,544,4.63,0.11,R,5.3,-1.4,0.3,NA
Aminda Ingulfson,Joystick,347.62,3075.2199999999993,canter,538,5.02,0.18,S,3.1,-0.4,0.3,NA
Aminda Ingulfson,Joystick,348.1700000000001,3079.7399999999993,canter,493,4.52,0.17,S,-0.9,-1.2,0.4,NA
Aminda Ingulfson,Joystick,348.72,3083.8199999999993,canter,445,4.08,0.17,S,-2.1,-1.8,0.5,NA
Aminda Ingulfson,Joystick,349.20000000000005,3086.9099999999994,canter,386,3.09,0.07,S,-0.6,-3.9,0.6,NA
Aminda Ingulfson,Joystick,349.81000000000006,3090.1699999999996,canter,321,3.26,0.18,S,0.6,0.3,0.6,NA
Aminda Ingulfson,Joystick,350.34000000000003,3093.1399999999994,canter,336,2.97,0.07,R,3.4,-0.9,0.7,NA
Aminda Ingulfson,Joystick,350.83000000000004,3096.2799999999993,canter,385,3.14,0.1,R,2.9,-4.1,0.7,NA
Aminda Ingulfson,Joystick,351.38,3100.249999999999,canter,434,3.97,0.17,R,3.3,-1.8,0.8,NA
Aminda Ingulfson,Joystick,351.76,3103.0499999999993,canter,442,2.8,0.08,R,6.6,-6.7,0.8,NA
Aminda Ingulfson,Joystick,352.7710236220472,3109.4699999999993,Jump,381,6.42,1.6,NA,5.77,NA,0.75,18a
Aminda Ingulfson,Joystick,353.0300000000001,3111.2399999999993,canter,407,1.77,0.04,R,6.1,-22.3,1.1,NA
Aminda Ingulfson,Joystick,353.59000000000003,3114.479999999999,canter,347,3.24,0.13,S,1,-4.3,1.1,NA
Aminda Ingulfson,Joystick,354.11,3117.4899999999993,canter,347,3.01,0.17,S,2,-6.1,1.2,NA
Aminda Ingulfson,Joystick,354.58000000000004,3120.0799999999995,canter,331,2.59,0.08,L,-2.6,-12.6,1.5,NA
Aminda Ingulfson,Joystick,355.14,3123.1199999999994,canter,326,3.04,0.17,S,-1.5,-5.3,1.9,NA
Aminda Ingulfson,Joystick,355.6700000000001,3125.8099999999995,canter,305,2.69,0.15,S,3.4,-0.6,2.1,NA
Aminda Ingulfson,Joystick,356.19000000000005,3128.4499999999994,canter,304,2.64,0.1,R,7.9,-2.8,2.3,NA
Aminda Ingulfson,Joystick,357.1291304347826,3133.129999999999,Jump,299,4.68,1.49,NA,2.96,NA,2.4,18b
Aminda Ingulfson,Joystick,357.20000000000005,3133.4699999999993,canter,290,0.34,0.03,R,8.3,-23.9,2.6,NA
Aminda Ingulfson,Joystick,357.62,3136.109999999999,canter,377,2.64,0.05,R,7.8,-5.4,2.4,NA
Aminda Ingulfson,Joystick,358.1,3139.1799999999994,canter,383,3.07,0.05,R,9.9,-0.4,2.1,NA
Aminda Ingulfson,Joystick,358.57000000000005,3142.3199999999993,canter,401,3.14,0.05,R,6.3,1.3,1.9,NA
Aminda Ingulfson,Joystick,359.05000000000007,3145.3899999999994,canter,384,3.07,0.04,R,3.3,4.6,1.7,NA
Aminda Ingulfson,Joystick,360.11927374301683,3151.7699999999995,Jump,358,6.38,1.8,NA,-1.17,NA,1.34,18c
Aminda Ingulfson,Joystick,360.27,3152.6999999999994,canter,370,0.93,0.1,L,-7.9,-18.7,1.5,NA
Aminda Ingulfson,Joystick,361.0400000000001,3158.109999999999,canter,422,5.41,0.08,S,6.7,11.4,1.4,NA
Aminda Ingulfson,Joystick,361.93000000000006,3165.789999999999,canter,518,7.68,0.08,R,9.9,6.5,1.2,NA
Aminda Ingulfson,Joystick,362.47,3170.629999999999,canter,538,4.84,0.04,R,7.8,6.2,1.1,NA
Aminda Ingulfson,Joystick,362.97,3175.249999999999,canter,554,4.62,0.07,R,7,6.8,1,NA
Aminda Ingulfson,Joystick,363.43000000000006,3178.959999999999,canter,485,3.71,0.08,S,2.1,8.5,0.9,NA
Aminda Ingulfson,Joystick,364.15,3184.039999999999,canter,423,5.08,0.13,S,-0.5,3.6,0.8,NA
Aminda Ingulfson,Joystick,364.5400000000001,3186.539999999999,canter,384,2.5,0.03,S,-2.3,3.6,0.9,NA
Aminda Ingulfson,Joystick,365.06000000000006,3189.679999999999,canter,362,3.14,0.1,S,0.5,6.5,0.9,NA
Aminda Ingulfson,Joystick,366.07000000000005,3196.509999999999,canter,406,6.83,0.08,S,0.6,7.2,0.8,NA
Aminda Ingulfson,Joystick,366.62,3200.519999999999,canter,437,4.01,0.05,S,3.4,8.5,0.8,NA
Aminda Ingulfson,Joystick,367.13,3204.3399999999992,canter,449,3.82,0.05,R,3.4,8.1,0.8,NA
Aminda Ingulfson,Joystick,367.65,3207.8399999999992,canter,404,3.5,0.05,S,-0.4,10.2,0.8,NA
Aminda Ingulfson,Joystick,368.18000000000006,3211.559999999999,canter,421,3.72,0.06,R,1.2,9.4,0.8,NA
Aminda Ingulfson,Joystick,368.69000000000005,3215.5899999999992,canter,474,4.03,0.05,S,1.1,7.5,0.8,NA
Aminda Ingulfson,Joystick,369.21000000000004,3219.789999999999,canter,485,4.2,0.05,S,0.8,6.1,0.9,NA
Aminda Ingulfson,Joystick,369.70000000000005,3223.849999999999,canter,498,4.06,0.04,R,2.9,6.1,1,NA
Aminda Ingulfson,Joystick,370.24,3227.969999999999,canter,458,4.12,0.06,S,1.5,3.8,1,NA
Aminda Ingulfson,Joystick,370.7800000000001,3232.139999999999,canter,463,4.17,0.08,S,-1.4,2.6,1.1,NA
Aminda Ingulfson,Joystick,371.2900000000001,3235.839999999999,canter,435,3.7,0.09,S,-0.8,0.5,1.2,NA
Aminda Ingulfson,Joystick,371.85,3239.969999999999,canter,443,4.13,0.1,S,-1.6,-2.5,1.4,NA
Aminda Ingulfson,Joystick,372.45000000000005,3243.839999999999,canter,387,3.87,0.12,L,-5.9,-5.1,1.6,NA
Aminda Ingulfson,Joystick,372.99,3246.9399999999987,canter,344,3.1,0.13,L,-4.6,-7.4,1.9,NA
Aminda Ingulfson,Joystick,373.5400000000001,3250.3799999999987,canter,376,3.44,0.13,S,0.7,-8.4,2.2,NA
Aminda Ingulfson,Joystick,374.08000000000004,3254.1099999999988,canter,414,3.73,0.14,S,2.9,-8.5,2.4,NA
Aminda Ingulfson,Joystick,374.58000000000004,3257.6899999999987,canter,430,3.58,0.13,S,3.3,-8.6,2.5,NA
Aminda Ingulfson,Joystick,375.12,3261.839999999999,canter,461,4.15,0.15,S,7.7,-8.4,2.7,NA
Aminda Ingulfson,Joystick,375.6700000000001,3266.569999999999,canter,516,4.73,0.17,R,8,-7.5,2.7,NA
Aminda Ingulfson,Joystick,376.21000000000004,3271.1499999999987,canter,509,4.58,0.17,S,5.5,-6.1,2.8,NA
Aminda Ingulfson,Joystick,376.77,3276.2699999999986,canter,548,5.12,0.2,S,9,-7.1,2.9,NA
Aminda Ingulfson,Joystick,377.33000000000004,3281.6399999999985,canter,575,5.37,0.18,S,7.3,-7.9,2.8,NA
Aminda Ingulfson,Joystick,377.87,3286.5299999999984,canter,544,4.89,0.17,S,3.8,-8.5,2.9,NA
Aminda Ingulfson,Joystick,378.44000000000005,3291.4199999999983,canter,514,4.89,0.2,S,1.6,-9.5,2.9,NA
Aminda Ingulfson,Joystick,379.0300000000001,3295.8799999999983,canter,454,4.46,0.22,L,-3.6,-9.6,3,NA
Aminda Ingulfson,Joystick,379.58000000000004,3299.869999999998,canter,435,3.99,0.19,L,-5.6,-11,3.2,NA
Aminda Ingulfson,Joystick,380.09000000000003,3303.679999999998,canter,449,3.81,0.13,S,-1.5,-12,3.5,NA
Aminda Ingulfson,Joystick,380.64,3307.269999999998,canter,391,3.59,0.18,S,0.1,-9.9,3.7,NA
Aminda Ingulfson,Joystick,381.21000000000004,3310.459999999998,canter,336,3.19,0.19,S,-0.8,-8.4,4,NA
Aminda Ingulfson,Joystick,381.77,3314.019999999998,canter,382,3.56,0.19,S,3.2,-11.2,4.2,NA
Aminda Ingulfson,Joystick,382.32000000000005,3318.229999999998,canter,460,4.21,0.19,S,6.8,-11.2,4.2,NA
Aminda Ingulfson,Joystick,382.89,3322.579999999998,canter,458,4.35,0.2,R,6.9,-10.5,4.1,NA
Aminda Ingulfson,Joystick,383.4200000000001,3326.319999999998,canter,424,3.74,0.17,S,2.9,-11.4,4.2,NA
Aminda Ingulfson,Joystick,384.06000000000006,3330.359999999998,canter,379,4.04,0.25,S,-2.2,-10,4.3,NA
Aminda Ingulfson,Joystick,384.57000000000005,3333.0799999999977,canter,320,2.72,0.14,S,0,-6.5,4.2,NA
Aminda Ingulfson,Joystick,385.13,3336.169999999998,canter,331,3.09,0.19,S,-2.5,-4.9,4.1,NA
Aminda Ingulfson,Joystick,385.58000000000004,3338.879999999998,canter,361,2.71,0.12,L,-4,-6.1,4.2,NA
Aminda Ingulfson,Joystick,386.1,3341.969999999998,canter,357,3.09,0.14,L,-4.8,-1.6,4.4,NA
Aminda Ingulfson,Joystick,386.68000000000006,3345.079999999998,canter,321,3.11,0.18,S,-1.5,1.5,4.6,NA
Aminda Ingulfson,Joystick,387.2900000000001,3348.6499999999983,canter,351,3.57,0.21,S,3.8,0.5,4.6,NA
Aminda Ingulfson,Joystick,387.88,3352.789999999998,canter,421,4.14,0.23,S,6.4,-5.1,4.6,NA
Aminda Ingulfson,Joystick,388.35,3356.1499999999983,canter,429,3.36,0.13,R,5.9,-8.1,4.6,NA
Aminda Ingulfson,Joystick,388.89,3359.9399999999982,canter,421,3.79,0.18,R,7.2,-6.3,4.6,NA
Aminda Ingulfson,Joystick,389.39,3363.729999999998,canter,455,3.79,0.13,R,10.2,-5.1,4.7,NA
Aminda Ingulfson,Joystick,390.0300000000001,3368.039999999998,canter,405,4.31,0.28,R,6.7,-3.1,4.8,NA
Aminda Ingulfson,Joystick,390.57000000000005,3371.559999999998,canter,391,3.52,0.27,S,-0.5,-2.9,4.7,NA
Aminda Ingulfson,Joystick,391.1600000000001,3375.329999999998,canter,383,3.77,0.21,S,3.1,1.2,4.4,NA
Aminda Ingulfson,Joystick,391.69000000000005,3378.8599999999983,canter,399,3.53,0.13,R,5.2,-0.3,4.3,NA
Aminda Ingulfson,Joystick,392.25,3382.9499999999985,canter,439,4.09,0.13,R,10.2,3.2,4.2,NA
Aminda Ingulfson,Joystick,392.75,3386.6599999999985,canter,445,3.71,0.1,R,11.5,3.2,3.9,NA
Aminda Ingulfson,Joystick,393.2900000000001,3390.7599999999984,canter,455,4.1,0.11,R,5,3.5,3.7,NA
Aminda Ingulfson,Joystick,393.81000000000006,3394.7699999999986,canter,463,4.01,0.13,R,6.6,10,3.2,NA
Aminda Ingulfson,Joystick,394.38,3399.1599999999985,canter,462,4.39,0.12,S,2.1,11.3,2.9,NA
Aminda Ingulfson,Joystick,394.96000000000004,3403.3599999999983,canter,435,4.2,0.18,S,-3.6,5.4,2.8,NA
Aminda Ingulfson,Joystick,395.5400000000001,3407.2199999999984,canter,400,3.86,0.18,S,-4.2,9.4,2.9,NA
Aminda Ingulfson,Joystick,396,3410.4299999999985,canter,418,3.21,0.09,S,-0.2,6.5,2.9,NA
Aminda Ingulfson,Joystick,396.63,3414.1299999999983,canter,352,3.7,0.22,S,-3.7,11.1,2.9,NA
Aminda Ingulfson,Joystick,397.1600000000001,3416.749999999998,canter,296,2.62,0.12,L,-5.8,7.4,2.9,NA
Aminda Ingulfson,Joystick,397.70000000000005,3418.8199999999983,canter,230,2.07,0.12,L,-5.6,2.5,3.1,NA
Aminda Ingulfson,Joystick,398.22,3421.0299999999984,canter,255,2.21,0.15,L,-3.9,0.9,3.5,NA
Aminda Ingulfson,Joystick,398.65,3422.979999999998,canter,272,1.95,0.1,S,-1.9,0,3.6,NA
Aminda Ingulfson,Joystick,399.73190476190473,3428.659999999998,Jump,315,5.68,1.78,NA,9.39,NA,3.62,19
Aminda Ingulfson,Joystick,400.02,3430.839999999998,canter,452,2.18,0.01,R,12.1,-0.3,4,NA
Aminda Ingulfson,Joystick,400.5400000000001,3434.429999999998,canter,414,3.59,0.03,S,2.3,0.6,4.1,NA
Aminda Ingulfson,Joystick,401,3437.779999999998,canter,437,3.35,0.06,S,2,-3.9,4.3,NA
Aminda Ingulfson,Joystick,401.47,3441.109999999998,canter,425,3.33,0.08,S,2.2,-3.8,4.4,NA
Aminda Ingulfson,Joystick,402.01,3445.319999999998,canter,468,4.21,0.1,S,3.9,-0.8,4.5,NA
Aminda Ingulfson,Joystick,402.5400000000001,3449.849999999998,canter,513,4.53,0.1,S,7,0.2,4.5,NA
Aminda Ingulfson,Joystick,403.0300000000001,3454.699999999998,canter,594,4.85,0.09,S,9.3,-3,4.6,NA
Aminda Ingulfson,Joystick,403.6,3460.819999999998,canter,644,6.12,0.18,S,7.1,-1.2,4.6,NA
Aminda Ingulfson,Joystick,404.1,3466.399999999998,canter,670,5.58,0.15,S,6.6,-2,4.6,NA
Aminda Ingulfson,Joystick,404.64,3472.259999999998,canter,652,5.86,0.16,S,2.2,-4.4,4.7,NA
Aminda Ingulfson,Joystick,405.19000000000005,3477.889999999998,canter,614,5.63,0.17,S,-0.3,-4.2,4.9,NA
Aminda Ingulfson,Joystick,405.69000000000005,3482.909999999998,canter,603,5.02,0.16,S,1.8,-6.8,5,NA
Aminda Ingulfson,Joystick,406.21000000000004,3488.099999999998,canter,599,5.19,0.15,S,0.2,-5.7,5.1,NA
Aminda Ingulfson,Joystick,406.74,3493.3999999999983,canter,600,5.3,0.17,S,-0.7,-4.3,5,NA
Aminda Ingulfson,Joystick,407.27,3498.499999999998,canter,577,5.1,0.16,S,1,-1.7,5,NA
Aminda Ingulfson,Joystick,407.81000000000006,3503.9399999999982,canter,604,5.44,0.18,S,0.9,-2,5.1,NA
Aminda Ingulfson,Joystick,408.34000000000003,3509.0499999999984,canter,579,5.11,0.17,S,1.1,-1.6,5.1,NA
Aminda Ingulfson,Joystick,408.93000000000006,3514.5099999999984,canter,555,5.46,0.19,S,-1.8,-0.6,5.1,NA
Aminda Ingulfson,Joystick,409.43000000000006,3518.999999999998,canter,539,4.49,0.1,S,-1.7,-2.4,5.3,NA
Aminda Ingulfson,Joystick,409.96000000000004,3523.459999999998,canter,505,4.46,0.16,S,0.6,-2.1,5.2,NA
Aminda Ingulfson,Joystick,410.5,3527.6899999999982,canter,470,4.23,0.19,S,-4.6,0.2,5.2,NA
Aminda Ingulfson,Joystick,411.0400000000001,3531.3399999999983,canter,405,3.65,0.17,S,-5.5,1.9,5.3,NA
Aminda Ingulfson,Joystick,411.5300000000001,3534.2399999999984,canter,356,2.9,0.12,L,-4.5,-0.6,5.5,NA
Aminda Ingulfson,Joystick,412.01,3537.0099999999984,canter,347,2.77,0.11,L,-3.8,-0.5,5.7,NA
Aminda Ingulfson,Joystick,412.48,3539.6299999999983,canter,334,2.62,0.11,L,-4.4,-1.7,5.8,NA
Aminda Ingulfson,Joystick,413.48111420612815,3545.619999999998,Jump,359,5.99,1.53,NA,-2.62,NA,5.78,20a
Aminda Ingulfson,Joystick,413.71000000000004,3547.139999999998,canter,397,1.52,0.07,R,2.1,-3.2,5.7,NA
Aminda Ingulfson,Joystick,414.22,3550.289999999998,canter,370,3.15,0.08,S,0.8,1.3,5.7,NA
Aminda Ingulfson,Joystick,415.25040380047506,3557.519999999998,Jump,421,7.23,1.55,NA,9.89,NA,1.48,20b
Aminda Ingulfson,Joystick,415.44000000000005,3559.3199999999983,canter,567,1.8,0.05,R,14.8,-7.4,-0.7,NA
Aminda Ingulfson,Joystick,416.06000000000006,3564.7599999999984,canter,527,5.44,0.07,S,4.6,-3.6,0.5,NA
Aminda Ingulfson,Joystick,416.49,3568.5299999999984,canter,526,3.77,0.1,S,-0.9,-7.3,-0.6,NA
Aminda Ingulfson,Joystick,417.0300000000001,3573.2399999999984,canter,524,4.71,0.12,S,-3.3,-1.9,-0.5,NA
Aminda Ingulfson,Joystick,417.55000000000007,3577.8199999999983,canter,528,4.58,0.13,S,-1.2,-1.2,-0.5,NA
Aminda Ingulfson,Joystick,418.12,3582.8499999999985,canter,529,5.03,0.17,S,5.8,0.7,-0.4,NA
Aminda Ingulfson,Joystick,418.6600000000001,3587.6099999999988,canter,529,4.76,0.19,S,6.6,-2,-0.4,NA
Aminda Ingulfson,Joystick,419.1600000000001,3592.0999999999985,canter,538,4.49,0.12,S,3,-5,-0.4,NA
Aminda Ingulfson,Joystick,419.64,3595.9699999999984,canter,484,3.87,0.13,S,0.6,0.2,-0.4,NA
Aminda Ingulfson,Joystick,420.09000000000003,3599.5599999999986,canter,479,3.59,0.1,S,6.1,-1,-0.5,NA
Aminda Ingulfson,Joystick,421.1406787330317,3607.2999999999984,Jump,442,7.74,1.64,NA,3.32,NA,-0.66,21
Aminda Ingulfson,Joystick,421.34000000000003,3609.0999999999985,canter,539,1.8,0.08,R,1.9,-9.5,-1.1,NA
Aminda Ingulfson,Joystick,421.89,3613.6299999999987,canter,494,4.53,0.05,R,3.8,-0.8,-0.9,NA
Aminda Ingulfson,Joystick,422.33000000000004,3617.569999999999,canter,538,3.94,0.04,S,2.4,-6,-0.9,NA
Aminda Ingulfson,Joystick,422.84000000000003,3622.219999999999,canter,547,4.65,0.08,R,3.4,-5.2,-0.8,NA
Aminda Ingulfson,Joystick,423.37,3627.539999999999,canter,603,5.32,0.11,R,4.9,-4.8,-0.8,NA
Aminda Ingulfson,Joystick,423.89,3632.789999999999,canter,606,5.25,0.12,R,5.3,-6.7,-0.8,NA
Aminda Ingulfson,Joystick,424.43000000000006,3638.249999999999,canter,606,5.46,0.11,R,5.7,-3.4,-0.8,NA
Aminda Ingulfson,Joystick,424.99,3643.639999999999,canter,577,5.39,0.14,R,4.6,-2.7,-0.7,NA
Aminda Ingulfson,Joystick,425.47,3648.069999999999,canter,554,4.43,0.08,R,2.9,-5.3,-0.8,NA
